country,city,activity,season,trend_score,avg_daily_precipitation,avg_daily_temperature,avg_daily_daylight,avg_daily_wind_speed,season_duration
France,Île-de-France,hiking,spring,0.525,3.3489132,11.440545,49785.152,20.922394,92
France,Île-de-France,museum,spring,0.33090909090909093,3.3489132,11.440545,49785.152,20.922394,92
France,Île-de-France,beach,spring,0.5354545454545455,3.3489132,11.440545,49785.152,20.922394,92
France,Île-de-France,park,spring,0.5054545454545455,3.3489132,11.440545,49785.152,20.922394,92
France,Île-de-France,religious,spring,0.552,3.3489132,11.440545,49785.152,20.922394,92
France,Île-de-France,architecture,spring,0.4868181818181818,3.3489132,11.440545,49785.152,20.922394,92
France,Île-de-France,historic,spring,0.2119047619047619,3.3489132,11.440545,49785.152,20.922394,92
France,Île-de-France,amusement,spring,0.64,3.3489132,11.440545,49785.152,20.922394,92
France,Île-de-France,cultural,spring,0.5157142857142857,3.3489132,11.440545,49785.152,20.922394,92
France,Île-de-France,shopping,spring,0.24545454545454548,3.3489132,11.440545,49785.152,20.922394,92
France,Île-de-France,natural,spring,0.6859090909090909,3.3489132,11.440545,49785.152,20.922394,92
France,Île-de-France,hiking,summer,0.29954545454545456,2.776087,19.123154,55682.055,17.28032,92
France,Île-de-France,museum,summer,0.37772727272727274,2.776087,19.123154,55682.055,17.28032,92
France,Île-de-France,beach,summer,0.38727272727272727,2.776087,19.123154,55682.055,17.28032,92
France,Île-de-France,park,summer,0.4331818181818182,2.776087,19.123154,55682.055,17.28032,92
France,Île-de-France,religious,summer,0.536923076923077,2.776087,19.123154,55682.055,17.28032,92
France,Île-de-France,architecture,summer,0.43818181818181823,2.776087,19.123154,55682.055,17.28032,92
France,Île-de-France,historic,summer,0.6036842105263158,2.776087,19.123154,55682.055,17.28032,92
France,Île-de-France,amusement,summer,0.488421052631579,2.776087,19.123154,55682.055,17.28032,92
France,Île-de-France,cultural,summer,0.4519047619047619,2.776087,19.123154,55682.055,17.28032,92
France,Île-de-France,shopping,summer,0.2990909090909091,2.776087,19.123154,55682.055,17.28032,92
France,Île-de-France,natural,summer,0.6868181818181819,2.776087,19.123154,55682.055,17.28032,92
France,Provence-Alpes-Côte-d’Azur,hiking,spring,0.525,4.4902177,10.621502,48887.316,17.366194,92
France,Provence-Alpes-Côte-d’Azur,museum,spring,0.33090909090909093,4.4902177,10.621502,48887.316,17.366194,92
France,Provence-Alpes-Côte-d’Azur,beach,spring,0.5354545454545455,4.4902177,10.621502,48887.316,17.366194,92
France,Provence-Alpes-Côte-d’Azur,park,spring,0.5054545454545455,4.4902177,10.621502,48887.316,17.366194,92
France,Provence-Alpes-Côte-d’Azur,religious,spring,0.552,4.4902177,10.621502,48887.316,17.366194,92
France,Provence-Alpes-Côte-d’Azur,architecture,spring,0.4868181818181818,4.4902177,10.621502,48887.316,17.366194,92
France,Provence-Alpes-Côte-d’Azur,historic,spring,0.2119047619047619,4.4902177,10.621502,48887.316,17.366194,92
France,Provence-Alpes-Côte-d’Azur,amusement,spring,0.64,4.4902177,10.621502,48887.316,17.366194,92
France,Provence-Alpes-Côte-d’Azur,cultural,spring,0.5157142857142857,4.4902177,10.621502,48887.316,17.366194,92
France,Provence-Alpes-Côte-d’Azur,shopping,spring,0.24545454545454548,4.4902177,10.621502,48887.316,17.366194,92
France,Provence-Alpes-Côte-d’Azur,natural,spring,0.6859090909090909,4.4902177,10.621502,48887.316,17.366194,92
France,Provence-Alpes-Côte-d’Azur,hiking,summer,0.29954545454545456,1.3163043,22.093128,53843.652,15.797216,92
France,Provence-Alpes-Côte-d’Azur,museum,summer,0.37772727272727274,1.3163043,22.093128,53843.652,15.797216,92
France,Provence-Alpes-Côte-d’Azur,beach,summer,0.38727272727272727,1.3163043,22.093128,53843.652,15.797216,92
France,Provence-Alpes-Côte-d’Azur,park,summer,0.4331818181818182,1.3163043,22.093128,53843.652,15.797216,92
France,Provence-Alpes-Côte-d’Azur,religious,summer,0.536923076923077,1.3163043,22.093128,53843.652,15.797216,92
France,Provence-Alpes-Côte-d’Azur,architecture,summer,0.43818181818181823,1.3163043,22.093128,53843.652,15.797216,92
France,Provence-Alpes-Côte-d’Azur,historic,summer,0.6036842105263158,1.3163043,22.093128,53843.652,15.797216,92
France,Provence-Alpes-Côte-d’Azur,amusement,summer,0.488421052631579,1.3163043,22.093128,53843.652,15.797216,92
France,Provence-Alpes-Côte-d’Azur,cultural,summer,0.4519047619047619,1.3163043,22.093128,53843.652,15.797216,92
France,Provence-Alpes-Côte-d’Azur,shopping,summer,0.2990909090909091,1.3163043,22.093128,53843.652,15.797216,92
France,Provence-Alpes-Côte-d’Azur,natural,summer,0.6868181818181819,1.3163043,22.093128,53843.652,15.797216,92
France,Auvergne-Rhône-Alpes,hiking,spring,0.525,5.911957,10.428099,49118.918,19.215557,92
France,Auvergne-Rhône-Alpes,museum,spring,0.33090909090909093,5.911957,10.428099,49118.918,19.215557,92
France,Auvergne-Rhône-Alpes,beach,spring,0.5354545454545455,5.911957,10.428099,49118.918,19.215557,92
France,Auvergne-Rhône-Alpes,park,spring,0.5054545454545455,5.911957,10.428099,49118.918,19.215557,92
France,Auvergne-Rhône-Alpes,religious,spring,0.552,5.911957,10.428099,49118.918,19.215557,92
France,Auvergne-Rhône-Alpes,architecture,spring,0.4868181818181818,5.911957,10.428099,49118.918,19.215557,92
France,Auvergne-Rhône-Alpes,historic,spring,0.2119047619047619,5.911957,10.428099,49118.918,19.215557,92
France,Auvergne-Rhône-Alpes,amusement,spring,0.64,5.911957,10.428099,49118.918,19.215557,92
France,Auvergne-Rhône-Alpes,cultural,spring,0.5157142857142857,5.911957,10.428099,49118.918,19.215557,92
France,Auvergne-Rhône-Alpes,shopping,spring,0.24545454545454548,5.911957,10.428099,49118.918,19.215557,92
France,Auvergne-Rhône-Alpes,natural,spring,0.6859090909090909,5.911957,10.428099,49118.918,19.215557,92
France,Auvergne-Rhône-Alpes,hiking,summer,0.29954545454545456,3.553261,20.03899,54316.324,14.824581,92
France,Auvergne-Rhône-Alpes,museum,summer,0.37772727272727274,3.553261,20.03899,54316.324,14.824581,92
France,Auvergne-Rhône-Alpes,beach,summer,0.38727272727272727,3.553261,20.03899,54316.324,14.824581,92
France,Auvergne-Rhône-Alpes,park,summer,0.4331818181818182,3.553261,20.03899,54316.324,14.824581,92
France,Auvergne-Rhône-Alpes,religious,summer,0.536923076923077,3.553261,20.03899,54316.324,14.824581,92
France,Auvergne-Rhône-Alpes,architecture,summer,0.43818181818181823,3.553261,20.03899,54316.324,14.824581,92
France,Auvergne-Rhône-Alpes,historic,summer,0.6036842105263158,3.553261,20.03899,54316.324,14.824581,92
France,Auvergne-Rhône-Alpes,amusement,summer,0.488421052631579,3.553261,20.03899,54316.324,14.824581,92
France,Auvergne-Rhône-Alpes,cultural,summer,0.4519047619047619,3.553261,20.03899,54316.324,14.824581,92
France,Auvergne-Rhône-Alpes,shopping,summer,0.2990909090909091,3.553261,20.03899,54316.324,14.824581,92
France,Auvergne-Rhône-Alpes,natural,summer,0.6868181818181819,3.553261,20.03899,54316.324,14.824581,92
France,Occitanie,hiking,spring,0.525,5.0989127,10.905462,48812.64,23.825853,92
France,Occitanie,museum,spring,0.33090909090909093,5.0989127,10.905462,48812.64,23.825853,92
France,Occitanie,beach,spring,0.5354545454545455,5.0989127,10.905462,48812.64,23.825853,92
France,Occitanie,park,spring,0.5054545454545455,5.0989127,10.905462,48812.64,23.825853,92
France,Occitanie,religious,spring,0.552,5.0989127,10.905462,48812.64,23.825853,92
France,Occitanie,architecture,spring,0.4868181818181818,5.0989127,10.905462,48812.64,23.825853,92
France,Occitanie,historic,spring,0.2119047619047619,5.0989127,10.905462,48812.64,23.825853,92
France,Occitanie,amusement,spring,0.64,5.0989127,10.905462,48812.64,23.825853,92
France,Occitanie,cultural,spring,0.5157142857142857,5.0989127,10.905462,48812.64,23.825853,92
France,Occitanie,shopping,spring,0.24545454545454548,5.0989127,10.905462,48812.64,23.825853,92
France,Occitanie,natural,spring,0.6859090909090909,5.0989127,10.905462,48812.64,23.825853,92
France,Occitanie,hiking,summer,0.29954545454545456,2.652174,19.964432,53691.46,19.825188,92
France,Occitanie,museum,summer,0.37772727272727274,2.652174,19.964432,53691.46,19.825188,92
France,Occitanie,beach,summer,0.38727272727272727,2.652174,19.964432,53691.46,19.825188,92
France,Occitanie,park,summer,0.4331818181818182,2.652174,19.964432,53691.46,19.825188,92
France,Occitanie,religious,summer,0.536923076923077,2.652174,19.964432,53691.46,19.825188,92
France,Occitanie,architecture,summer,0.43818181818181823,2.652174,19.964432,53691.46,19.825188,92
France,Occitanie,historic,summer,0.6036842105263158,2.652174,19.964432,53691.46,19.825188,92
France,Occitanie,amusement,summer,0.488421052631579,2.652174,19.964432,53691.46,19.825188,92
France,Occitanie,cultural,summer,0.4519047619047619,2.652174,19.964432,53691.46,19.825188,92
France,Occitanie,shopping,summer,0.2990909090909091,2.652174,19.964432,53691.46,19.825188,92
France,Occitanie,natural,summer,0.6868181818181819,2.652174,19.964432,53691.46,19.825188,92
Spain,Catalonia,hiking,spring,0.31941176470588234,3.2326086,11.964833,48513.99,20.498507,92
Spain,Catalonia,museum,spring,0.3422222222222222,3.2326086,11.964833,48513.99,20.498507,92
Spain,Catalonia,beach,spring,0.27210526315789474,3.2326086,11.964833,48513.99,20.498507,92
Spain,Catalonia,park,spring,0.35526315789473684,3.2326086,11.964833,48513.99,20.498507,92
Spain,Catalonia,religious,spring,0.6741666666666667,3.2326086,11.964833,48513.99,20.498507,92
Spain,Catalonia,architecture,spring,0.47411764705882353,3.2326086,11.964833,48513.99,20.498507,92
Spain,Catalonia,historic,spring,0.280625,3.2326086,11.964833,48513.99,20.498507,92
Spain,Catalonia,amusement,spring,0.47857142857142854,3.2326086,11.964833,48513.99,20.498507,92
Spain,Catalonia,cultural,spring,0.5389473684210526,3.2326086,11.964833,48513.99,20.498507,92
Spain,Catalonia,shopping,spring,0.215,3.2326086,11.964833,48513.99,20.498507,92
Spain,Catalonia,natural,spring,0.8494736842105263,3.2326086,11.964833,48513.99,20.498507,92
Spain,Catalonia,hiking,summer,0.405625,1.6467391,22.189106,53083.598,18.153875,92
Spain,Catalonia,museum,summer,0.3411764705882353,1.6467391,22.189106,53083.598,18.153875,92
Spain,Catalonia,beach,summer,0.21157894736842106,1.6467391,22.189106,53083.598,18.153875,92
Spain,Catalonia,park,summer,0.28789473684210526,1.6467391,22.189106,53083.598,18.153875,92
Spain,Catalonia,religious,summer,0.6955555555555556,1.6467391,22.189106,53083.598,18.153875,92
Spain,Catalonia,architecture,summer,0.47,1.6467391,22.189106,53083.598,18.153875,92
Spain,Catalonia,historic,summer,0.3578571428571429,1.6467391,22.189106,53083.598,18.153875,92
Spain,Catalonia,amusement,summer,0.41555555555555557,1.6467391,22.189106,53083.598,18.153875,92
Spain,Catalonia,cultural,summer,0.5689473684210526,1.6467391,22.189106,53083.598,18.153875,92
Spain,Catalonia,shopping,summer,0.2511111111111111,1.6467391,22.189106,53083.598,18.153875,92
Spain,Catalonia,natural,summer,0.5668421052631579,1.6467391,22.189106,53083.598,18.153875,92
Spain,Community of Madrid,hiking,spring,0.31941176470588234,1.5554347,13.527056,48299.348,18.426863,92
Spain,Community of Madrid,museum,spring,0.3422222222222222,1.5554347,13.527056,48299.348,18.426863,92
Spain,Community of Madrid,beach,spring,0.27210526315789474,1.5554347,13.527056,48299.348,18.426863,92
Spain,Community of Madrid,park,spring,0.35526315789473684,1.5554347,13.527056,48299.348,18.426863,92
Spain,Community of Madrid,religious,spring,0.6741666666666667,1.5554347,13.527056,48299.348,18.426863,92
Spain,Community of Madrid,architecture,spring,0.47411764705882353,1.5554347,13.527056,48299.348,18.426863,92
Spain,Community of Madrid,historic,spring,0.280625,1.5554347,13.527056,48299.348,18.426863,92
Spain,Community of Madrid,amusement,spring,0.47857142857142854,1.5554347,13.527056,48299.348,18.426863,92
Spain,Community of Madrid,cultural,spring,0.5389473684210526,1.5554347,13.527056,48299.348,18.426863,92
Spain,Community of Madrid,shopping,spring,0.215,1.5554347,13.527056,48299.348,18.426863,92
Spain,Community of Madrid,natural,spring,0.8494736842105263,1.5554347,13.527056,48299.348,18.426863,92
Spain,Community of Madrid,hiking,summer,0.405625,0.62500006,25.753233,52647.51,17.580748,92
Spain,Community of Madrid,museum,summer,0.3411764705882353,0.62500006,25.753233,52647.51,17.580748,92
Spain,Community of Madrid,beach,summer,0.21157894736842106,0.62500006,25.753233,52647.51,17.580748,92
Spain,Community of Madrid,park,summer,0.28789473684210526,0.62500006,25.753233,52647.51,17.580748,92
Spain,Community of Madrid,religious,summer,0.6955555555555556,0.62500006,25.753233,52647.51,17.580748,92
Spain,Community of Madrid,architecture,summer,0.47,0.62500006,25.753233,52647.51,17.580748,92
Spain,Community of Madrid,historic,summer,0.3578571428571429,0.62500006,25.753233,52647.51,17.580748,92
Spain,Community of Madrid,amusement,summer,0.41555555555555557,0.62500006,25.753233,52647.51,17.580748,92
Spain,Community of Madrid,cultural,summer,0.5689473684210526,0.62500006,25.753233,52647.51,17.580748,92
Spain,Community of Madrid,shopping,summer,0.2511111111111111,0.62500006,25.753233,52647.51,17.580748,92
Spain,Community of Madrid,natural,summer,0.5668421052631579,0.62500006,25.753233,52647.51,17.580748,92
Spain,Andalusia,hiking,spring,0.31941176470588234,2.8967392,16.27249,47827.63,16.488989,92
Spain,Andalusia,museum,spring,0.3422222222222222,2.8967392,16.27249,47827.63,16.488989,92
Spain,Andalusia,beach,spring,0.27210526315789474,2.8967392,16.27249,47827.63,16.488989,92
Spain,Andalusia,park,spring,0.35526315789473684,2.8967392,16.27249,47827.63,16.488989,92
Spain,Andalusia,religious,spring,0.6741666666666667,2.8967392,16.27249,47827.63,16.488989,92
Spain,Andalusia,architecture,spring,0.47411764705882353,2.8967392,16.27249,47827.63,16.488989,92
Spain,Andalusia,historic,spring,0.280625,2.8967392,16.27249,47827.63,16.488989,92
Spain,Andalusia,amusement,spring,0.47857142857142854,2.8967392,16.27249,47827.63,16.488989,92
Spain,Andalusia,cultural,spring,0.5389473684210526,2.8967392,16.27249,47827.63,16.488989,92
Spain,Andalusia,shopping,spring,0.215,2.8967392,16.27249,47827.63,16.488989,92
Spain,Andalusia,natural,spring,0.8494736842105263,2.8967392,16.27249,47827.63,16.488989,92
Spain,Andalusia,hiking,summer,0.405625,0.43369567,26.221537,51690.906,13.684179,92
Spain,Andalusia,museum,summer,0.3411764705882353,0.43369567,26.221537,51690.906,13.684179,92
Spain,Andalusia,beach,summer,0.21157894736842106,0.43369567,26.221537,51690.906,13.684179,92
Spain,Andalusia,park,summer,0.28789473684210526,0.43369567,26.221537,51690.906,13.684179,92
Spain,Andalusia,religious,summer,0.6955555555555556,0.43369567,26.221537,51690.906,13.684179,92
Spain,Andalusia,architecture,summer,0.47,0.43369567,26.221537,51690.906,13.684179,92
Spain,Andalusia,historic,summer,0.3578571428571429,0.43369567,26.221537,51690.906,13.684179,92
Spain,Andalusia,amusement,summer,0.41555555555555557,0.43369567,26.221537,51690.906,13.684179,92
Spain,Andalusia,cultural,summer,0.5689473684210526,0.43369567,26.221537,51690.906,13.684179,92
Spain,Andalusia,shopping,summer,0.2511111111111111,0.43369567,26.221537,51690.906,13.684179,92
Spain,Andalusia,natural,summer,0.5668421052631579,0.43369567,26.221537,51690.906,13.684179,92
Spain,Valencian Community,hiking,spring,0.31941176470588234,0.77717394,15.542815,48168.78,19.365732,92
Spain,Valencian Community,museum,spring,0.3422222222222222,0.77717394,15.542815,48168.78,19.365732,92
Spain,Valencian Community,beach,spring,0.27210526315789474,0.77717394,15.542815,48168.78,19.365732,92
Spain,Valencian Community,park,spring,0.35526315789473684,0.77717394,15.542815,48168.78,19.365732,92
Spain,Valencian Community,religious,spring,0.6741666666666667,0.77717394,15.542815,48168.78,19.365732,92
Spain,Valencian Community,architecture,spring,0.47411764705882353,0.77717394,15.542815,48168.78,19.365732,92
Spain,Valencian Community,historic,spring,0.280625,0.77717394,15.542815,48168.78,19.365732,92
Spain,Valencian Community,amusement,spring,0.47857142857142854,0.77717394,15.542815,48168.78,19.365732,92
Spain,Valencian Community,cultural,spring,0.5389473684210526,0.77717394,15.542815,48168.78,19.365732,92
Spain,Valencian Community,shopping,spring,0.215,0.77717394,15.542815,48168.78,19.365732,92
Spain,Valencian Community,natural,spring,0.8494736842105263,0.77717394,15.542815,48168.78,19.365732,92
Spain,Valencian Community,hiking,summer,0.405625,0.8456521,24.129633,52382.49,16.679472,92
Spain,Valencian Community,museum,summer,0.3411764705882353,0.8456521,24.129633,52382.49,16.679472,92
Spain,Valencian Community,beach,summer,0.21157894736842106,0.8456521,24.129633,52382.49,16.679472,92
Spain,Valencian Community,park,summer,0.28789473684210526,0.8456521,24.129633,52382.49,16.679472,92
Spain,Valencian Community,religious,summer,0.6955555555555556,0.8456521,24.129633,52382.49,16.679472,92
Spain,Valencian Community,architecture,summer,0.47,0.8456521,24.129633,52382.49,16.679472,92
Spain,Valencian Community,historic,summer,0.3578571428571429,0.8456521,24.129633,52382.49,16.679472,92
Spain,Valencian Community,amusement,summer,0.41555555555555557,0.8456521,24.129633,52382.49,16.679472,92
Spain,Valencian Community,cultural,summer,0.5689473684210526,0.8456521,24.129633,52382.49,16.679472,92
Spain,Valencian Community,shopping,summer,0.2511111111111111,0.8456521,24.129633,52382.49,16.679472,92
Spain,Valencian Community,natural,summer,0.5668421052631579,0.8456521,24.129633,52382.49,16.679472,92
Italy,Lazio,hiking,spring,0.4344444444444444,3.6456525,15.332618,48537.184,16.33801,92
Italy,Lazio,museum,spring,0.36700000000000005,3.6456525,15.332618,48537.184,16.33801,92
Italy,Lazio,beach,spring,0.8,3.6456525,15.332618,48537.184,16.33801,92
Italy,Lazio,park,spring,0.7145,3.6456525,15.332618,48537.184,16.33801,92
Italy,Lazio,religious,spring,0.45,3.6456525,15.332618,48537.184,16.33801,92
Italy,Lazio,architecture,spring,0.5805555555555556,3.6456525,15.332618,48537.184,16.33801,92
Italy,Lazio,historic,spring,0.5447058823529412,3.6456525,15.332618,48537.184,16.33801,92
Italy,Lazio,amusement,spring,0.67125,3.6456525,15.332618,48537.184,16.33801,92
Italy,Lazio,cultural,spring,0.6266666666666666,3.6456525,15.332618,48537.184,16.33801,92
Italy,Lazio,shopping,spring,0.743,3.6456525,15.332618,48537.184,16.33801,92
Italy,Lazio,natural,spring,0.7995,3.6456525,15.332618,48537.184,16.33801,92
Italy,Lazio,hiking,summer,0.2305263157894737,0.62717384,27.126234,53130.746,17.304352,92
Italy,Lazio,museum,summer,0.2805,0.62717384,27.126234,53130.746,17.304352,92
Italy,Lazio,beach,summer,0.449,0.62717384,27.126234,53130.746,17.304352,92
Italy,Lazio,park,summer,0.7515000000000001,0.62717384,27.126234,53130.746,17.304352,92
Italy,Lazio,religious,summer,0.4764285714285715,0.62717384,27.126234,53130.746,17.304352,92
Italy,Lazio,architecture,summer,0.6816666666666668,0.62717384,27.126234,53130.746,17.304352,92
Italy,Lazio,historic,summer,0.6223529411764706,0.62717384,27.126234,53130.746,17.304352,92
Italy,Lazio,amusement,summer,0.628,0.62717384,27.126234,53130.746,17.304352,92
Italy,Lazio,cultural,summer,0.6388235294117647,0.62717384,27.126234,53130.746,17.304352,92
Italy,Lazio,shopping,summer,0.7395,0.62717384,27.126234,53130.746,17.304352,92
Italy,Lazio,natural,summer,0.7190000000000001,0.62717384,27.126234,53130.746,17.304352,92
Italy,Tuscany,hiking,spring,0.4344444444444444,3.2141302,14.647338,48788.023,15.124898,92
Italy,Tuscany,museum,spring,0.36700000000000005,3.2141302,14.647338,48788.023,15.124898,92
Italy,Tuscany,beach,spring,0.8,3.2141302,14.647338,48788.023,15.124898,92
Italy,Tuscany,park,spring,0.7145,3.2141302,14.647338,48788.023,15.124898,92
Italy,Tuscany,religious,spring,0.45,3.2141302,14.647338,48788.023,15.124898,92
Italy,Tuscany,architecture,spring,0.5805555555555556,3.2141302,14.647338,48788.023,15.124898,92
Italy,Tuscany,historic,spring,0.5447058823529412,3.2141302,14.647338,48788.023,15.124898,92
Italy,Tuscany,amusement,spring,0.67125,3.2141302,14.647338,48788.023,15.124898,92
Italy,Tuscany,cultural,spring,0.6266666666666666,3.2141302,14.647338,48788.023,15.124898,92
Italy,Tuscany,shopping,spring,0.743,3.2141302,14.647338,48788.023,15.124898,92
Italy,Tuscany,natural,spring,0.7995,3.2141302,14.647338,48788.023,15.124898,92
Italy,Tuscany,hiking,summer,0.2305263157894737,1.1608696,25.985086,53641.29,14.939697,92
Italy,Tuscany,museum,summer,0.2805,1.1608696,25.985086,53641.29,14.939697,92
Italy,Tuscany,beach,summer,0.449,1.1608696,25.985086,53641.29,14.939697,92
Italy,Tuscany,park,summer,0.7515000000000001,1.1608696,25.985086,53641.29,14.939697,92
Italy,Tuscany,religious,summer,0.4764285714285715,1.1608696,25.985086,53641.29,14.939697,92
Italy,Tuscany,architecture,summer,0.6816666666666668,1.1608696,25.985086,53641.29,14.939697,92
Italy,Tuscany,historic,summer,0.6223529411764706,1.1608696,25.985086,53641.29,14.939697,92
Italy,Tuscany,amusement,summer,0.628,1.1608696,25.985086,53641.29,14.939697,92
Italy,Tuscany,cultural,summer,0.6388235294117647,1.1608696,25.985086,53641.29,14.939697,92
Italy,Tuscany,shopping,summer,0.7395,1.1608696,25.985086,53641.29,14.939697,92
Italy,Tuscany,natural,summer,0.7190000000000001,1.1608696,25.985086,53641.29,14.939697,92
Italy,Veneto,hiking,spring,0.4344444444444444,5.884783,13.7042465,49185.387,14.280296,92
Italy,Veneto,museum,spring,0.36700000000000005,5.884783,13.7042465,49185.387,14.280296,92
Italy,Veneto,beach,spring,0.8,5.884783,13.7042465,49185.387,14.280296,92
Italy,Veneto,park,spring,0.7145,5.884783,13.7042465,49185.387,14.280296,92
Italy,Veneto,religious,spring,0.45,5.884783,13.7042465,49185.387,14.280296,92
Italy,Veneto,architecture,spring,0.5805555555555556,5.884783,13.7042465,49185.387,14.280296,92
Italy,Veneto,historic,spring,0.5447058823529412,5.884783,13.7042465,49185.387,14.280296,92
Italy,Veneto,amusement,spring,0.67125,5.884783,13.7042465,49185.387,14.280296,92
Italy,Veneto,cultural,spring,0.6266666666666666,5.884783,13.7042465,49185.387,14.280296,92
Italy,Veneto,shopping,spring,0.743,5.884783,13.7042465,49185.387,14.280296,92
Italy,Veneto,natural,spring,0.7995,5.884783,13.7042465,49185.387,14.280296,92
Italy,Veneto,hiking,summer,0.2305263157894737,2.8380435,24.719755,54452.164,12.177799,92
Italy,Veneto,museum,summer,0.2805,2.8380435,24.719755,54452.164,12.177799,92
Italy,Veneto,beach,summer,0.449,2.8380435,24.719755,54452.164,12.177799,92
Italy,Veneto,park,summer,0.7515000000000001,2.8380435,24.719755,54452.164,12.177799,92
Italy,Veneto,religious,summer,0.4764285714285715,2.8380435,24.719755,54452.164,12.177799,92
Italy,Veneto,architecture,summer,0.6816666666666668,2.8380435,24.719755,54452.164,12.177799,92
Italy,Veneto,historic,summer,0.6223529411764706,2.8380435,24.719755,54452.164,12.177799,92
Italy,Veneto,amusement,summer,0.628,2.8380435,24.719755,54452.164,12.177799,92
Italy,Veneto,cultural,summer,0.6388235294117647,2.8380435,24.719755,54452.164,12.177799,92
Italy,Veneto,shopping,summer,0.7395,2.8380435,24.719755,54452.164,12.177799,92
Italy,Veneto,natural,summer,0.7190000000000001,2.8380435,24.719755,54452.164,12.177799,92
Italy,Lombardy,hiking,spring,0.4344444444444444,6.323913,13.366856,49172.01,13.704542,92
Italy,Lombardy,museum,spring,0.36700000000000005,6.323913,13.366856,49172.01,13.704542,92
Italy,Lombardy,beach,spring,0.8,6.323913,13.366856,49172.01,13.704542,92
Italy,Lombardy,park,spring,0.7145,6.323913,13.366856,49172.01,13.704542,92
Italy,Lombardy,religious,spring,0.45,6.323913,13.366856,49172.01,13.704542,92
Italy,Lombardy,architecture,spring,0.5805555555555556,6.323913,13.366856,49172.01,13.704542,92
Italy,Lombardy,historic,spring,0.5447058823529412,6.323913,13.366856,49172.01,13.704542,92
Italy,Lombardy,amusement,spring,0.67125,6.323913,13.366856,49172.01,13.704542,92
Italy,Lombardy,cultural,spring,0.6266666666666666,6.323913,13.366856,49172.01,13.704542,92
Italy,Lombardy,shopping,spring,0.743,6.323913,13.366856,49172.01,13.704542,92
Italy,Lombardy,natural,spring,0.7995,6.323913,13.366856,49172.01,13.704542,92
Italy,Lombardy,hiking,summer,0.2305263157894737,4.936957,23.936354,54424.832,12.587267,92
Italy,Lombardy,museum,summer,0.2805,4.936957,23.936354,54424.832,12.587267,92
Italy,Lombardy,beach,summer,0.449,4.936957,23.936354,54424.832,12.587267,92
Italy,Lombardy,park,summer,0.7515000000000001,4.936957,23.936354,54424.832,12.587267,92
Italy,Lombardy,religious,summer,0.4764285714285715,4.936957,23.936354,54424.832,12.587267,92
Italy,Lombardy,architecture,summer,0.6816666666666668,4.936957,23.936354,54424.832,12.587267,92
Italy,Lombardy,historic,summer,0.6223529411764706,4.936957,23.936354,54424.832,12.587267,92
Italy,Lombardy,amusement,summer,0.628,4.936957,23.936354,54424.832,12.587267,92
Italy,Lombardy,cultural,summer,0.6388235294117647,4.936957,23.936354,54424.832,12.587267,92
Italy,Lombardy,shopping,summer,0.7395,4.936957,23.936354,54424.832,12.587267,92
Italy,Lombardy,natural,summer,0.7190000000000001,4.936957,23.936354,54424.832,12.587267,92
United Kingdom,England,hiking,spring,0.8525,3.0380437,10.157174,50727.773,24.909534,92
United Kingdom,England,museum,spring,0.7275,3.0380437,10.157174,50727.773,24.909534,92
United Kingdom,England,beach,spring,0.8275,3.0380437,10.157174,50727.773,24.909534,92
United Kingdom,England,park,spring,0.9175,3.0380437,10.157174,50727.773,24.909534,92
United Kingdom,England,religious,spring,0.755,3.0380437,10.157174,50727.773,24.909534,92
United Kingdom,England,architecture,spring,0.755,3.0380437,10.157174,50727.773,24.909534,92
United Kingdom,England,historic,spring,0.715,3.0380437,10.157174,50727.773,24.909534,92
United Kingdom,England,amusement,spring,0.78,3.0380437,10.157174,50727.773,24.909534,92
United Kingdom,England,cultural,spring,0.785,3.0380437,10.157174,50727.773,24.909534,92
United Kingdom,England,shopping,spring,0.915,3.0380437,10.157174,50727.773,24.909534,92
United Kingdom,England,natural,spring,0.8925,3.0380437,10.157174,50727.773,24.909534,92
United Kingdom,England,hiking,summer,0.835,1.7652175,16.022778,57634.156,22.169249,92
United Kingdom,England,museum,summer,0.7375,1.7652175,16.022778,57634.156,22.169249,92
United Kingdom,England,beach,summer,0.8,1.7652175,16.022778,57634.156,22.169249,92
United Kingdom,England,park,summer,0.95,1.7652175,16.022778,57634.156,22.169249,92
United Kingdom,England,religious,summer,0.83,1.7652175,16.022778,57634.156,22.169249,92
United Kingdom,England,architecture,summer,0.72,1.7652175,16.022778,57634.156,22.169249,92
United Kingdom,England,historic,summer,0.7,1.7652175,16.022778,57634.156,22.169249,92
United Kingdom,England,amusement,summer,0.7525,1.7652175,16.022778,57634.156,22.169249,92
United Kingdom,England,cultural,summer,0.78,1.7652175,16.022778,57634.156,22.169249,92
United Kingdom,England,shopping,summer,0.94,1.7652175,16.022778,57634.156,22.169249,92
United Kingdom,England,natural,summer,0.8475,1.7652175,16.022778,57634.156,22.169249,92
United Kingdom,Scotland,hiking,spring,0.8525,3.9206524,6.4048867,51998.223,21.276463,92
United Kingdom,Scotland,museum,spring,0.7275,3.9206524,6.4048867,51998.223,21.276463,92
United Kingdom,Scotland,beach,spring,0.8275,3.9206524,6.4048867,51998.223,21.276463,92
United Kingdom,Scotland,park,spring,0.9175,3.9206524,6.4048867,51998.223,21.276463,92
United Kingdom,Scotland,religious,spring,0.755,3.9206524,6.4048867,51998.223,21.276463,92
United Kingdom,Scotland,architecture,spring,0.755,3.9206524,6.4048867,51998.223,21.276463,92
United Kingdom,Scotland,historic,spring,0.715,3.9206524,6.4048867,51998.223,21.276463,92
United Kingdom,Scotland,amusement,spring,0.78,3.9206524,6.4048867,51998.223,21.276463,92
United Kingdom,Scotland,cultural,spring,0.785,3.9206524,6.4048867,51998.223,21.276463,92
United Kingdom,Scotland,shopping,spring,0.915,3.9206524,6.4048867,51998.223,21.276463,92
United Kingdom,Scotland,natural,spring,0.8925,3.9206524,6.4048867,51998.223,21.276463,92
United Kingdom,Scotland,hiking,summer,0.835,3.7945652,10.903642,60318.254,20.925459,92
United Kingdom,Scotland,museum,summer,0.7375,3.7945652,10.903642,60318.254,20.925459,92
United Kingdom,Scotland,beach,summer,0.8,3.7945652,10.903642,60318.254,20.925459,92
United Kingdom,Scotland,park,summer,0.95,3.7945652,10.903642,60318.254,20.925459,92
United Kingdom,Scotland,religious,summer,0.83,3.7945652,10.903642,60318.254,20.925459,92
United Kingdom,Scotland,architecture,summer,0.72,3.7945652,10.903642,60318.254,20.925459,92
United Kingdom,Scotland,historic,summer,0.7,3.7945652,10.903642,60318.254,20.925459,92
United Kingdom,Scotland,amusement,summer,0.7525,3.7945652,10.903642,60318.254,20.925459,92
United Kingdom,Scotland,cultural,summer,0.78,3.7945652,10.903642,60318.254,20.925459,92
United Kingdom,Scotland,shopping,summer,0.94,3.7945652,10.903642,60318.254,20.925459,92
United Kingdom,Scotland,natural,summer,0.8475,3.7945652,10.903642,60318.254,20.925459,92
United Kingdom,Wales,hiking,spring,0.8525,4.7293477,7.7205772,50653.836,23.098845,92
United Kingdom,Wales,museum,spring,0.7275,4.7293477,7.7205772,50653.836,23.098845,92
United Kingdom,Wales,beach,spring,0.8275,4.7293477,7.7205772,50653.836,23.098845,92
United Kingdom,Wales,park,spring,0.9175,4.7293477,7.7205772,50653.836,23.098845,92
United Kingdom,Wales,religious,spring,0.755,4.7293477,7.7205772,50653.836,23.098845,92
United Kingdom,Wales,architecture,spring,0.755,4.7293477,7.7205772,50653.836,23.098845,92
United Kingdom,Wales,historic,spring,0.715,4.7293477,7.7205772,50653.836,23.098845,92
United Kingdom,Wales,amusement,spring,0.78,4.7293477,7.7205772,50653.836,23.098845,92
United Kingdom,Wales,cultural,spring,0.785,4.7293477,7.7205772,50653.836,23.098845,92
United Kingdom,Wales,shopping,spring,0.915,4.7293477,7.7205772,50653.836,23.098845,92
United Kingdom,Wales,natural,spring,0.8925,4.7293477,7.7205772,50653.836,23.098845,92
United Kingdom,Wales,hiking,summer,0.835,2.8293476,12.855699,57480.027,21.297758,92
United Kingdom,Wales,museum,summer,0.7375,2.8293476,12.855699,57480.027,21.297758,92
United Kingdom,Wales,beach,summer,0.8,2.8293476,12.855699,57480.027,21.297758,92
United Kingdom,Wales,park,summer,0.95,2.8293476,12.855699,57480.027,21.297758,92
United Kingdom,Wales,religious,summer,0.83,2.8293476,12.855699,57480.027,21.297758,92
United Kingdom,Wales,architecture,summer,0.72,2.8293476,12.855699,57480.027,21.297758,92
United Kingdom,Wales,historic,summer,0.7,2.8293476,12.855699,57480.027,21.297758,92
United Kingdom,Wales,amusement,summer,0.7525,2.8293476,12.855699,57480.027,21.297758,92
United Kingdom,Wales,cultural,summer,0.78,2.8293476,12.855699,57480.027,21.297758,92
United Kingdom,Wales,shopping,summer,0.94,2.8293476,12.855699,57480.027,21.297758,92
United Kingdom,Wales,natural,summer,0.8475,2.8293476,12.855699,57480.027,21.297758,92
United Kingdom,Northern Ireland,hiking,spring,0.8525,3.5141306,8.563279,51300.76,21.54899,92
United Kingdom,Northern Ireland,museum,spring,0.7275,3.5141306,8.563279,51300.76,21.54899,92
United Kingdom,Northern Ireland,beach,spring,0.8275,3.5141306,8.563279,51300.76,21.54899,92
United Kingdom,Northern Ireland,park,spring,0.9175,3.5141306,8.563279,51300.76,21.54899,92
United Kingdom,Northern Ireland,religious,spring,0.755,3.5141306,8.563279,51300.76,21.54899,92
United Kingdom,Northern Ireland,architecture,spring,0.755,3.5141306,8.563279,51300.76,21.54899,92
United Kingdom,Northern Ireland,historic,spring,0.715,3.5141306,8.563279,51300.76,21.54899,92
United Kingdom,Northern Ireland,amusement,spring,0.78,3.5141306,8.563279,51300.76,21.54899,92
United Kingdom,Northern Ireland,cultural,spring,0.785,3.5141306,8.563279,51300.76,21.54899,92
United Kingdom,Northern Ireland,shopping,spring,0.915,3.5141306,8.563279,51300.76,21.54899,92
United Kingdom,Northern Ireland,natural,spring,0.8925,3.5141306,8.563279,51300.76,21.54899,92
United Kingdom,Northern Ireland,hiking,summer,0.835,3.6543484,12.947925,58835.727,20.990162,92
United Kingdom,Northern Ireland,museum,summer,0.7375,3.6543484,12.947925,58835.727,20.990162,92
United Kingdom,Northern Ireland,beach,summer,0.8,3.6543484,12.947925,58835.727,20.990162,92
United Kingdom,Northern Ireland,park,summer,0.95,3.6543484,12.947925,58835.727,20.990162,92
United Kingdom,Northern Ireland,religious,summer,0.83,3.6543484,12.947925,58835.727,20.990162,92
United Kingdom,Northern Ireland,architecture,summer,0.72,3.6543484,12.947925,58835.727,20.990162,92
United Kingdom,Northern Ireland,historic,summer,0.7,3.6543484,12.947925,58835.727,20.990162,92
United Kingdom,Northern Ireland,amusement,summer,0.7525,3.6543484,12.947925,58835.727,20.990162,92
United Kingdom,Northern Ireland,cultural,summer,0.78,3.6543484,12.947925,58835.727,20.990162,92
United Kingdom,Northern Ireland,shopping,summer,0.94,3.6543484,12.947925,58835.727,20.990162,92
United Kingdom,Northern Ireland,natural,summer,0.8475,3.6543484,12.947925,58835.727,20.990162,92
Japan,Tokyo,hiking,spring,0.39884615384615385,5.760869,14.450925,47594.316,31.85344,92
Japan,Tokyo,museum,spring,0.1725531914893617,5.760869,14.450925,47594.316,31.85344,92
Japan,Tokyo,beach,spring,0.11446808510638298,5.760869,14.450925,47594.316,31.85344,92
Japan,Tokyo,park,spring,0.2970212765957447,5.760869,14.450925,47594.316,31.85344,92
Japan,Tokyo,religious,spring,0.415,5.760869,14.450925,47594.316,31.85344,92
Japan,Tokyo,architecture,spring,0.3417857142857143,5.760869,14.450925,47594.316,31.85344,92
Japan,Tokyo,historic,spring,0.3518181818181818,5.760869,14.450925,47594.316,31.85344,92
Japan,Tokyo,amusement,spring,0.641875,5.760869,14.450925,47594.316,31.85344,92
Japan,Tokyo,cultural,spring,0.40148148148148144,5.760869,14.450925,47594.316,31.85344,92
Japan,Tokyo,shopping,spring,0.20547619047619048,5.760869,14.450925,47594.316,31.85344,92
Japan,Tokyo,natural,spring,0.3946808510638298,5.760869,14.450925,47594.316,31.85344,92
Japan,Tokyo,hiking,summer,0.36541666666666667,6.0086956,26.6021,51218.496,26.03036,92
Japan,Tokyo,museum,summer,0.18723404255319148,6.0086956,26.6021,51218.496,26.03036,92
Japan,Tokyo,beach,summer,0.13829787234042554,6.0086956,26.6021,51218.496,26.03036,92
Japan,Tokyo,park,summer,0.35638297872340424,6.0086956,26.6021,51218.496,26.03036,92
Japan,Tokyo,religious,summer,0.633,6.0086956,26.6021,51218.496,26.03036,92
Japan,Tokyo,architecture,summer,0.34555555555555556,6.0086956,26.6021,51218.496,26.03036,92
Japan,Tokyo,historic,summer,0.5916666666666667,6.0086956,26.6021,51218.496,26.03036,92
Japan,Tokyo,amusement,summer,0.6041176470588235,6.0086956,26.6021,51218.496,26.03036,92
Japan,Tokyo,cultural,summer,0.48388888888888887,6.0086956,26.6021,51218.496,26.03036,92
Japan,Tokyo,shopping,summer,0.24863636363636363,6.0086956,26.6021,51218.496,26.03036,92
Japan,Tokyo,natural,summer,0.47212765957446806,6.0086956,26.6021,51218.496,26.03036,92
Japan,Kyōto,hiking,spring,0.39884615384615385,6.683696,14.092797,47509.72,16.698862,92
Japan,Kyōto,museum,spring,0.1725531914893617,6.683696,14.092797,47509.72,16.698862,92
Japan,Kyōto,beach,spring,0.11446808510638298,6.683696,14.092797,47509.72,16.698862,92
Japan,Kyōto,park,spring,0.2970212765957447,6.683696,14.092797,47509.72,16.698862,92
Japan,Kyōto,religious,spring,0.415,6.683696,14.092797,47509.72,16.698862,92
Japan,Kyōto,architecture,spring,0.3417857142857143,6.683696,14.092797,47509.72,16.698862,92
Japan,Kyōto,historic,spring,0.3518181818181818,6.683696,14.092797,47509.72,16.698862,92
Japan,Kyōto,amusement,spring,0.641875,6.683696,14.092797,47509.72,16.698862,92
Japan,Kyōto,cultural,spring,0.40148148148148144,6.683696,14.092797,47509.72,16.698862,92
Japan,Kyōto,shopping,spring,0.20547619047619048,6.683696,14.092797,47509.72,16.698862,92
Japan,Kyōto,natural,spring,0.3946808510638298,6.683696,14.092797,47509.72,16.698862,92
Japan,Kyōto,hiking,summer,0.36541666666666667,7.929348,26.667051,51047.28,16.013636,92
Japan,Kyōto,museum,summer,0.18723404255319148,7.929348,26.667051,51047.28,16.013636,92
Japan,Kyōto,beach,summer,0.13829787234042554,7.929348,26.667051,51047.28,16.013636,92
Japan,Kyōto,park,summer,0.35638297872340424,7.929348,26.667051,51047.28,16.013636,92
Japan,Kyōto,religious,summer,0.633,7.929348,26.667051,51047.28,16.013636,92
Japan,Kyōto,architecture,summer,0.34555555555555556,7.929348,26.667051,51047.28,16.013636,92
Japan,Kyōto,historic,summer,0.5916666666666667,7.929348,26.667051,51047.28,16.013636,92
Japan,Kyōto,amusement,summer,0.6041176470588235,7.929348,26.667051,51047.28,16.013636,92
Japan,Kyōto,cultural,summer,0.48388888888888887,7.929348,26.667051,51047.28,16.013636,92
Japan,Kyōto,shopping,summer,0.24863636363636363,7.929348,26.667051,51047.28,16.013636,92
Japan,Kyōto,natural,summer,0.47212765957446806,7.929348,26.667051,51047.28,16.013636,92
Japan,Ōsaka,hiking,spring,0.39884615384615385,6.317392,14.147891,47454.152,26.68428,92
Japan,Ōsaka,museum,spring,0.1725531914893617,6.317392,14.147891,47454.152,26.68428,92
Japan,Ōsaka,beach,spring,0.11446808510638298,6.317392,14.147891,47454.152,26.68428,92
Japan,Ōsaka,park,spring,0.2970212765957447,6.317392,14.147891,47454.152,26.68428,92
Japan,Ōsaka,religious,spring,0.415,6.317392,14.147891,47454.152,26.68428,92
Japan,Ōsaka,architecture,spring,0.3417857142857143,6.317392,14.147891,47454.152,26.68428,92
Japan,Ōsaka,historic,spring,0.3518181818181818,6.317392,14.147891,47454.152,26.68428,92
Japan,Ōsaka,amusement,spring,0.641875,6.317392,14.147891,47454.152,26.68428,92
Japan,Ōsaka,cultural,spring,0.40148148148148144,6.317392,14.147891,47454.152,26.68428,92
Japan,Ōsaka,shopping,spring,0.20547619047619048,6.317392,14.147891,47454.152,26.68428,92
Japan,Ōsaka,natural,spring,0.3946808510638298,6.317392,14.147891,47454.152,26.68428,92
Japan,Ōsaka,hiking,summer,0.36541666666666667,8.607608,27.094019,50934.836,26.335241,92
Japan,Ōsaka,museum,summer,0.18723404255319148,8.607608,27.094019,50934.836,26.335241,92
Japan,Ōsaka,beach,summer,0.13829787234042554,8.607608,27.094019,50934.836,26.335241,92
Japan,Ōsaka,park,summer,0.35638297872340424,8.607608,27.094019,50934.836,26.335241,92
Japan,Ōsaka,religious,summer,0.633,8.607608,27.094019,50934.836,26.335241,92
Japan,Ōsaka,architecture,summer,0.34555555555555556,8.607608,27.094019,50934.836,26.335241,92
Japan,Ōsaka,historic,summer,0.5916666666666667,8.607608,27.094019,50934.836,26.335241,92
Japan,Ōsaka,amusement,summer,0.6041176470588235,8.607608,27.094019,50934.836,26.335241,92
Japan,Ōsaka,cultural,summer,0.48388888888888887,8.607608,27.094019,50934.836,26.335241,92
Japan,Ōsaka,shopping,summer,0.24863636363636363,8.607608,27.094019,50934.836,26.335241,92
Japan,Ōsaka,natural,summer,0.47212765957446806,8.607608,27.094019,50934.836,26.335241,92
Japan,Hokkaidō,hiking,spring,0.39884615384615385,4.277174,1.8110988,48788.023,15.861053,92
Japan,Hokkaidō,museum,spring,0.1725531914893617,4.277174,1.8110988,48788.023,15.861053,92
Japan,Hokkaidō,beach,spring,0.11446808510638298,4.277174,1.8110988,48788.023,15.861053,92
Japan,Hokkaidō,park,spring,0.2970212765957447,4.277174,1.8110988,48788.023,15.861053,92
Japan,Hokkaidō,religious,spring,0.415,4.277174,1.8110988,48788.023,15.861053,92
Japan,Hokkaidō,architecture,spring,0.3417857142857143,4.277174,1.8110988,48788.023,15.861053,92
Japan,Hokkaidō,historic,spring,0.3518181818181818,4.277174,1.8110988,48788.023,15.861053,92
Japan,Hokkaidō,amusement,spring,0.641875,4.277174,1.8110988,48788.023,15.861053,92
Japan,Hokkaidō,cultural,spring,0.40148148148148144,4.277174,1.8110988,48788.023,15.861053,92
Japan,Hokkaidō,shopping,spring,0.20547619047619048,4.277174,1.8110988,48788.023,15.861053,92
Japan,Hokkaidō,natural,spring,0.3946808510638298,4.277174,1.8110988,48788.023,15.861053,92
Japan,Hokkaidō,hiking,summer,0.36541666666666667,6.5891304,18.007044,53641.29,12.559618,92
Japan,Hokkaidō,museum,summer,0.18723404255319148,6.5891304,18.007044,53641.29,12.559618,92
Japan,Hokkaidō,beach,summer,0.13829787234042554,6.5891304,18.007044,53641.29,12.559618,92
Japan,Hokkaidō,park,summer,0.35638297872340424,6.5891304,18.007044,53641.29,12.559618,92
Japan,Hokkaidō,religious,summer,0.633,6.5891304,18.007044,53641.29,12.559618,92
Japan,Hokkaidō,architecture,summer,0.34555555555555556,6.5891304,18.007044,53641.29,12.559618,92
Japan,Hokkaidō,historic,summer,0.5916666666666667,6.5891304,18.007044,53641.29,12.559618,92
Japan,Hokkaidō,amusement,summer,0.6041176470588235,6.5891304,18.007044,53641.29,12.559618,92
Japan,Hokkaidō,cultural,summer,0.48388888888888887,6.5891304,18.007044,53641.29,12.559618,92
Japan,Hokkaidō,shopping,summer,0.24863636363636363,6.5891304,18.007044,53641.29,12.559618,92
Japan,Hokkaidō,natural,summer,0.47212765957446806,6.5891304,18.007044,53641.29,12.559618,92
United States,California,hiking,spring,0.5494117647058823,2.8695655,-0.22536415,47738.777,9.284852,92
United States,California,museum,spring,0.20941176470588235,2.8695655,-0.22536415,47738.777,9.284852,92
United States,California,beach,spring,0.23098039215686275,2.8695655,-0.22536415,47738.777,9.284852,92
United States,California,park,spring,0.5103921568627451,2.8695655,-0.22536415,47738.777,9.284852,92
United States,California,religious,spring,0.833529411764706,2.8695655,-0.22536415,47738.777,9.284852,92
United States,California,architecture,spring,0.46784313725490195,2.8695655,-0.22536415,47738.777,9.284852,92
United States,California,historic,spring,0.5358823529411765,2.8695655,-0.22536415,47738.777,9.284852,92
United States,California,amusement,spring,0.5601960784313725,2.8695655,-0.22536415,47738.777,9.284852,92
United States,California,cultural,spring,0.2817647058823529,2.8695655,-0.22536415,47738.777,9.284852,92
United States,California,shopping,spring,0.35352941176470587,2.8695655,-0.22536415,47738.777,9.284852,92
United States,California,natural,spring,0.7252941176470589,2.8695655,-0.22536415,47738.777,9.284852,92
United States,California,hiking,summer,0.43686274509803924,0.6934782,14.807969,51510.94,12.700617,92
United States,California,museum,summer,0.23960784313725492,0.6934782,14.807969,51510.94,12.700617,92
United States,California,beach,summer,0.24901960784313726,0.6934782,14.807969,51510.94,12.700617,92
United States,California,park,summer,0.5180392156862745,0.6934782,14.807969,51510.94,12.700617,92
United States,California,religious,summer,0.7298039215686275,0.6934782,14.807969,51510.94,12.700617,92
United States,California,architecture,summer,0.42627450980392156,0.6934782,14.807969,51510.94,12.700617,92
United States,California,historic,summer,0.505686274509804,0.6934782,14.807969,51510.94,12.700617,92
United States,California,amusement,summer,0.44705882352941173,0.6934782,14.807969,51510.94,12.700617,92
United States,California,cultural,summer,0.20274509803921567,0.6934782,14.807969,51510.94,12.700617,92
United States,California,shopping,summer,0.37,0.6934782,14.807969,51510.94,12.700617,92
United States,California,natural,summer,0.6909803921568627,0.6934782,14.807969,51510.94,12.700617,92
United States,New York,hiking,spring,0.5494117647058823,4.668478,11.687918,48332.586,23.163603,92
United States,New York,museum,spring,0.20941176470588235,4.668478,11.687918,48332.586,23.163603,92
United States,New York,beach,spring,0.23098039215686275,4.668478,11.687918,48332.586,23.163603,92
United States,New York,park,spring,0.5103921568627451,4.668478,11.687918,48332.586,23.163603,92
United States,New York,religious,spring,0.833529411764706,4.668478,11.687918,48332.586,23.163603,92
United States,New York,architecture,spring,0.46784313725490195,4.668478,11.687918,48332.586,23.163603,92
United States,New York,historic,spring,0.5358823529411765,4.668478,11.687918,48332.586,23.163603,92
United States,New York,amusement,spring,0.5601960784313725,4.668478,11.687918,48332.586,23.163603,92
United States,New York,cultural,spring,0.2817647058823529,4.668478,11.687918,48332.586,23.163603,92
United States,New York,shopping,spring,0.35352941176470587,4.668478,11.687918,48332.586,23.163603,92
United States,New York,natural,spring,0.7252941176470589,4.668478,11.687918,48332.586,23.163603,92
United States,New York,hiking,summer,0.43686274509803924,4.669565,24.204157,52714.977,21.318752,92
United States,New York,museum,summer,0.23960784313725492,4.669565,24.204157,52714.977,21.318752,92
United States,New York,beach,summer,0.24901960784313726,4.669565,24.204157,52714.977,21.318752,92
United States,New York,park,summer,0.5180392156862745,4.669565,24.204157,52714.977,21.318752,92
United States,New York,religious,summer,0.7298039215686275,4.669565,24.204157,52714.977,21.318752,92
United States,New York,architecture,summer,0.42627450980392156,4.669565,24.204157,52714.977,21.318752,92
United States,New York,historic,summer,0.505686274509804,4.669565,24.204157,52714.977,21.318752,92
United States,New York,amusement,summer,0.44705882352941173,4.669565,24.204157,52714.977,21.318752,92
United States,New York,cultural,summer,0.20274509803921567,4.669565,24.204157,52714.977,21.318752,92
United States,New York,shopping,summer,0.37,4.669565,24.204157,52714.977,21.318752,92
United States,New York,natural,summer,0.6909803921568627,4.669565,24.204157,52714.977,21.318752,92
United States,Texas,hiking,spring,0.5494117647058823,3.6271741,20.773283,47031.195,24.203114,92
United States,Texas,museum,spring,0.20941176470588235,3.6271741,20.773283,47031.195,24.203114,92
United States,Texas,beach,spring,0.23098039215686275,3.6271741,20.773283,47031.195,24.203114,92
United States,Texas,park,spring,0.5103921568627451,3.6271741,20.773283,47031.195,24.203114,92
United States,Texas,religious,spring,0.833529411764706,3.6271741,20.773283,47031.195,24.203114,92
United States,Texas,architecture,spring,0.46784313725490195,3.6271741,20.773283,47031.195,24.203114,92
United States,Texas,historic,spring,0.5358823529411765,3.6271741,20.773283,47031.195,24.203114,92
United States,Texas,amusement,spring,0.5601960784313725,3.6271741,20.773283,47031.195,24.203114,92
United States,Texas,cultural,spring,0.2817647058823529,3.6271741,20.773283,47031.195,24.203114,92
United States,Texas,shopping,spring,0.35352941176470587,3.6271741,20.773283,47031.195,24.203114,92
United States,Texas,natural,spring,0.7252941176470589,3.6271741,20.773283,47031.195,24.203114,92
United States,Texas,hiking,summer,0.43686274509803924,1.1771739,29.582932,50079.51,20.468473,92
United States,Texas,museum,summer,0.23960784313725492,1.1771739,29.582932,50079.51,20.468473,92
United States,Texas,beach,summer,0.24901960784313726,1.1771739,29.582932,50079.51,20.468473,92
United States,Texas,park,summer,0.5180392156862745,1.1771739,29.582932,50079.51,20.468473,92
United States,Texas,religious,summer,0.7298039215686275,1.1771739,29.582932,50079.51,20.468473,92
United States,Texas,architecture,summer,0.42627450980392156,1.1771739,29.582932,50079.51,20.468473,92
United States,Texas,historic,summer,0.505686274509804,1.1771739,29.582932,50079.51,20.468473,92
United States,Texas,amusement,summer,0.44705882352941173,1.1771739,29.582932,50079.51,20.468473,92
United States,Texas,cultural,summer,0.20274509803921567,1.1771739,29.582932,50079.51,20.468473,92
United States,Texas,shopping,summer,0.37,1.1771739,29.582932,50079.51,20.468473,92
United States,Texas,natural,summer,0.6909803921568627,1.1771739,29.582932,50079.51,20.468473,92
United States,Florida,hiking,spring,0.5494117647058823,5.8967385,24.676872,45673.684,13.131496,92
United States,Florida,museum,spring,0.20941176470588235,5.8967385,24.676872,45673.684,13.131496,92
United States,Florida,beach,spring,0.23098039215686275,5.8967385,24.676872,45673.684,13.131496,92
United States,Florida,park,spring,0.5103921568627451,5.8967385,24.676872,45673.684,13.131496,92
United States,Florida,religious,spring,0.833529411764706,5.8967385,24.676872,45673.684,13.131496,92
United States,Florida,architecture,spring,0.46784313725490195,5.8967385,24.676872,45673.684,13.131496,92
United States,Florida,historic,spring,0.5358823529411765,5.8967385,24.676872,45673.684,13.131496,92
United States,Florida,amusement,spring,0.5601960784313725,5.8967385,24.676872,45673.684,13.131496,92
United States,Florida,cultural,spring,0.2817647058823529,5.8967385,24.676872,45673.684,13.131496,92
United States,Florida,shopping,spring,0.35352941176470587,5.8967385,24.676872,45673.684,13.131496,92
United States,Florida,natural,spring,0.7252941176470589,5.8967385,24.676872,45673.684,13.131496,92
United States,Florida,hiking,summer,0.43686274509803924,5.2999997,26.842474,47333.69,15.434198,92
United States,Florida,museum,summer,0.23960784313725492,5.2999997,26.842474,47333.69,15.434198,92
United States,Florida,beach,summer,0.24901960784313726,5.2999997,26.842474,47333.69,15.434198,92
United States,Florida,park,summer,0.5180392156862745,5.2999997,26.842474,47333.69,15.434198,92
United States,Florida,religious,summer,0.7298039215686275,5.2999997,26.842474,47333.69,15.434198,92
United States,Florida,architecture,summer,0.42627450980392156,5.2999997,26.842474,47333.69,15.434198,92
United States,Florida,historic,summer,0.505686274509804,5.2999997,26.842474,47333.69,15.434198,92
United States,Florida,amusement,summer,0.44705882352941173,5.2999997,26.842474,47333.69,15.434198,92
United States,Florida,cultural,summer,0.20274509803921567,5.2999997,26.842474,47333.69,15.434198,92
United States,Florida,shopping,summer,0.37,5.2999997,26.842474,47333.69,15.434198,92
United States,Florida,natural,summer,0.6909803921568627,5.2999997,26.842474,47333.69,15.434198,92
Canada,Ontario,hiking,spring,0.3358333333333334,2.0119567,1.8647491,50100.53,18.141962,92
Canada,Ontario,museum,spring,0.61,2.0119567,1.8647491,50100.53,18.141962,92
Canada,Ontario,beach,spring,0.6815384615384616,2.0119567,1.8647491,50100.53,18.141962,92
Canada,Ontario,park,spring,0.5476923076923077,2.0119567,1.8647491,50100.53,18.141962,92
Canada,Ontario,religious,spring,0.748,2.0119567,1.8647491,50100.53,18.141962,92
Canada,Ontario,architecture,spring,0.6836363636363636,2.0119567,1.8647491,50100.53,18.141962,92
Canada,Ontario,historic,spring,0.48,2.0119567,1.8647491,50100.53,18.141962,92
Canada,Ontario,amusement,spring,0.632,2.0119567,1.8647491,50100.53,18.141962,92
Canada,Ontario,cultural,spring,0.3125,2.0119567,1.8647491,50100.53,18.141962,92
Canada,Ontario,shopping,spring,0.4246153846153846,2.0119567,1.8647491,50100.53,18.141962,92
Canada,Ontario,natural,spring,0.7761538461538461,2.0119567,1.8647491,50100.53,18.141962,92
Canada,Ontario,hiking,summer,0.2623076923076923,2.2282608,17.46434,56332.277,17.60618,92
Canada,Ontario,museum,summer,0.5661538461538461,2.2282608,17.46434,56332.277,17.60618,92
Canada,Ontario,beach,summer,0.42846153846153845,2.2282608,17.46434,56332.277,17.60618,92
Canada,Ontario,park,summer,0.5707692307692308,2.2282608,17.46434,56332.277,17.60618,92
Canada,Ontario,religious,summer,0.8170000000000001,2.2282608,17.46434,56332.277,17.60618,92
Canada,Ontario,architecture,summer,0.695,2.2282608,17.46434,56332.277,17.60618,92
Canada,Ontario,historic,summer,0.37636363636363634,2.2282608,17.46434,56332.277,17.60618,92
Canada,Ontario,amusement,summer,0.408,2.2282608,17.46434,56332.277,17.60618,92
Canada,Ontario,cultural,summer,0.2866666666666667,2.2282608,17.46434,56332.277,17.60618,92
Canada,Ontario,shopping,summer,0.4238461538461539,2.2282608,17.46434,56332.277,17.60618,92
Canada,Ontario,natural,summer,0.76,2.2282608,17.46434,56332.277,17.60618,92
Canada,Quebec,hiking,spring,0.3358333333333334,2.9402177,-1.0649304,50709.176,19.199492,92
Canada,Quebec,museum,spring,0.61,2.9402177,-1.0649304,50709.176,19.199492,92
Canada,Quebec,beach,spring,0.6815384615384616,2.9402177,-1.0649304,50709.176,19.199492,92
Canada,Quebec,park,spring,0.5476923076923077,2.9402177,-1.0649304,50709.176,19.199492,92
Canada,Quebec,religious,spring,0.748,2.9402177,-1.0649304,50709.176,19.199492,92
Canada,Quebec,architecture,spring,0.6836363636363636,2.9402177,-1.0649304,50709.176,19.199492,92
Canada,Quebec,historic,spring,0.48,2.9402177,-1.0649304,50709.176,19.199492,92
Canada,Quebec,amusement,spring,0.632,2.9402177,-1.0649304,50709.176,19.199492,92
Canada,Quebec,cultural,spring,0.3125,2.9402177,-1.0649304,50709.176,19.199492,92
Canada,Quebec,shopping,spring,0.4246153846153846,2.9402177,-1.0649304,50709.176,19.199492,92
Canada,Quebec,natural,spring,0.7761538461538461,2.9402177,-1.0649304,50709.176,19.199492,92
Canada,Quebec,hiking,summer,0.2623076923076923,3.4717393,16.327599,57595.38,20.083061,92
Canada,Quebec,museum,summer,0.5661538461538461,3.4717393,16.327599,57595.38,20.083061,92
Canada,Quebec,beach,summer,0.42846153846153845,3.4717393,16.327599,57595.38,20.083061,92
Canada,Quebec,park,summer,0.5707692307692308,3.4717393,16.327599,57595.38,20.083061,92
Canada,Quebec,religious,summer,0.8170000000000001,3.4717393,16.327599,57595.38,20.083061,92
Canada,Quebec,architecture,summer,0.695,3.4717393,16.327599,57595.38,20.083061,92
Canada,Quebec,historic,summer,0.37636363636363634,3.4717393,16.327599,57595.38,20.083061,92
Canada,Quebec,amusement,summer,0.408,3.4717393,16.327599,57595.38,20.083061,92
Canada,Quebec,cultural,summer,0.2866666666666667,3.4717393,16.327599,57595.38,20.083061,92
Canada,Quebec,shopping,summer,0.4238461538461539,3.4717393,16.327599,57595.38,20.083061,92
Canada,Quebec,natural,summer,0.76,3.4717393,16.327599,57595.38,20.083061,92
Canada,British Columbia,hiking,spring,0.3358333333333334,0.99239135,1.6716613,51428.254,14.863739,92
Canada,British Columbia,museum,spring,0.61,0.99239135,1.6716613,51428.254,14.863739,92
Canada,British Columbia,beach,spring,0.6815384615384616,0.99239135,1.6716613,51428.254,14.863739,92
Canada,British Columbia,park,spring,0.5476923076923077,0.99239135,1.6716613,51428.254,14.863739,92
Canada,British Columbia,religious,spring,0.748,0.99239135,1.6716613,51428.254,14.863739,92
Canada,British Columbia,architecture,spring,0.6836363636363636,0.99239135,1.6716613,51428.254,14.863739,92
Canada,British Columbia,historic,spring,0.48,0.99239135,1.6716613,51428.254,14.863739,92
Canada,British Columbia,amusement,spring,0.632,0.99239135,1.6716613,51428.254,14.863739,92
Canada,British Columbia,cultural,spring,0.3125,0.99239135,1.6716613,51428.254,14.863739,92
Canada,British Columbia,shopping,spring,0.4246153846153846,0.99239135,1.6716613,51428.254,14.863739,92
Canada,British Columbia,natural,spring,0.7761538461538461,0.99239135,1.6716613,51428.254,14.863739,92
Canada,British Columbia,hiking,summer,0.2623076923076923,1.4902174,14.919488,59104.96,15.299843,92
Canada,British Columbia,museum,summer,0.5661538461538461,1.4902174,14.919488,59104.96,15.299843,92
Canada,British Columbia,beach,summer,0.42846153846153845,1.4902174,14.919488,59104.96,15.299843,92
Canada,British Columbia,park,summer,0.5707692307692308,1.4902174,14.919488,59104.96,15.299843,92
Canada,British Columbia,religious,summer,0.8170000000000001,1.4902174,14.919488,59104.96,15.299843,92
Canada,British Columbia,architecture,summer,0.695,1.4902174,14.919488,59104.96,15.299843,92
Canada,British Columbia,historic,summer,0.37636363636363634,1.4902174,14.919488,59104.96,15.299843,92
Canada,British Columbia,amusement,summer,0.408,1.4902174,14.919488,59104.96,15.299843,92
Canada,British Columbia,cultural,summer,0.2866666666666667,1.4902174,14.919488,59104.96,15.299843,92
Canada,British Columbia,shopping,summer,0.4238461538461539,1.4902174,14.919488,59104.96,15.299843,92
Canada,British Columbia,natural,summer,0.76,1.4902174,14.919488,59104.96,15.299843,92
Canada,Alberta,hiking,spring,0.3358333333333334,1.6999999,0.6849666,51428.254,19.680952,92
Canada,Alberta,museum,spring,0.61,1.6999999,0.6849666,51428.254,19.680952,92
Canada,Alberta,beach,spring,0.6815384615384616,1.6999999,0.6849666,51428.254,19.680952,92
Canada,Alberta,park,spring,0.5476923076923077,1.6999999,0.6849666,51428.254,19.680952,92
Canada,Alberta,religious,spring,0.748,1.6999999,0.6849666,51428.254,19.680952,92
Canada,Alberta,architecture,spring,0.6836363636363636,1.6999999,0.6849666,51428.254,19.680952,92
Canada,Alberta,historic,spring,0.48,1.6999999,0.6849666,51428.254,19.680952,92
Canada,Alberta,amusement,spring,0.632,1.6999999,0.6849666,51428.254,19.680952,92
Canada,Alberta,cultural,spring,0.3125,1.6999999,0.6849666,51428.254,19.680952,92
Canada,Alberta,shopping,spring,0.4246153846153846,1.6999999,0.6849666,51428.254,19.680952,92
Canada,Alberta,natural,spring,0.7761538461538461,1.6999999,0.6849666,51428.254,19.680952,92
Canada,Alberta,hiking,summer,0.2623076923076923,4.392391,13.964858,59104.96,18.721994,92
Canada,Alberta,museum,summer,0.5661538461538461,4.392391,13.964858,59104.96,18.721994,92
Canada,Alberta,beach,summer,0.42846153846153845,4.392391,13.964858,59104.96,18.721994,92
Canada,Alberta,park,summer,0.5707692307692308,4.392391,13.964858,59104.96,18.721994,92
Canada,Alberta,religious,summer,0.8170000000000001,4.392391,13.964858,59104.96,18.721994,92
Canada,Alberta,architecture,summer,0.695,4.392391,13.964858,59104.96,18.721994,92
Canada,Alberta,historic,summer,0.37636363636363634,4.392391,13.964858,59104.96,18.721994,92
Canada,Alberta,amusement,summer,0.408,4.392391,13.964858,59104.96,18.721994,92
Canada,Alberta,cultural,summer,0.2866666666666667,4.392391,13.964858,59104.96,18.721994,92
Canada,Alberta,shopping,summer,0.4238461538461539,4.392391,13.964858,59104.96,18.721994,92
Canada,Alberta,natural,summer,0.76,4.392391,13.964858,59104.96,18.721994,92
Turkey,İstanbul,hiking,spring,0.4879104477611941,2.4206524,13.88227,48377.266,19.641237,92
Turkey,İstanbul,museum,spring,0.07886792452830188,2.4206524,13.88227,48377.266,19.641237,92
Turkey,İstanbul,beach,spring,0.13886075949367088,2.4206524,13.88227,48377.266,19.641237,92
Turkey,İstanbul,park,spring,0.3718518518518518,2.4206524,13.88227,48377.266,19.641237,92
Turkey,İstanbul,religious,spring,0.6318181818181818,2.4206524,13.88227,48377.266,19.641237,92
Turkey,İstanbul,architecture,spring,0.36048780487804877,2.4206524,13.88227,48377.266,19.641237,92
Turkey,İstanbul,historic,spring,0.275,2.4206524,13.88227,48377.266,19.641237,92
Turkey,İstanbul,amusement,spring,0.37833333333333335,2.4206524,13.88227,48377.266,19.641237,92
Turkey,İstanbul,cultural,spring,0.39235294117647057,2.4206524,13.88227,48377.266,19.641237,92
Turkey,İstanbul,shopping,spring,0.1873076923076923,2.4206524,13.88227,48377.266,19.641237,92
Turkey,İstanbul,natural,spring,0.6171052631578947,2.4206524,13.88227,48377.266,19.641237,92
Turkey,İstanbul,hiking,summer,0.4753448275862069,0.7032609,25.620407,52805.74,24.291422,92
Turkey,İstanbul,museum,summer,0.06277777777777778,0.7032609,25.620407,52805.74,24.291422,92
Turkey,İstanbul,beach,summer,0.14086419753086418,0.7032609,25.620407,52805.74,24.291422,92
Turkey,İstanbul,park,summer,0.3522222222222222,0.7032609,25.620407,52805.74,24.291422,92
Turkey,İstanbul,religious,summer,0.2692307692307692,0.7032609,25.620407,52805.74,24.291422,92
Turkey,İstanbul,architecture,summer,0.4197142857142857,0.7032609,25.620407,52805.74,24.291422,92
Turkey,İstanbul,historic,summer,0.29,0.7032609,25.620407,52805.74,24.291422,92
Turkey,İstanbul,amusement,summer,0.622,0.7032609,25.620407,52805.74,24.291422,92
Turkey,İstanbul,cultural,summer,0.37428571428571433,0.7032609,25.620407,52805.74,24.291422,92
Turkey,İstanbul,shopping,summer,0.14511627906976743,0.7032609,25.620407,52805.74,24.291422,92
Turkey,İstanbul,natural,summer,0.5933783783783784,0.7032609,25.620407,52805.74,24.291422,92
Turkey,Ankara,hiking,spring,0.4879104477611941,1.7956522,11.77529,48168.78,16.168816,92
Turkey,Ankara,museum,spring,0.07886792452830188,1.7956522,11.77529,48168.78,16.168816,92
Turkey,Ankara,beach,spring,0.13886075949367088,1.7956522,11.77529,48168.78,16.168816,92
Turkey,Ankara,park,spring,0.3718518518518518,1.7956522,11.77529,48168.78,16.168816,92
Turkey,Ankara,religious,spring,0.6318181818181818,1.7956522,11.77529,48168.78,16.168816,92
Turkey,Ankara,architecture,spring,0.36048780487804877,1.7956522,11.77529,48168.78,16.168816,92
Turkey,Ankara,historic,spring,0.275,1.7956522,11.77529,48168.78,16.168816,92
Turkey,Ankara,amusement,spring,0.37833333333333335,1.7956522,11.77529,48168.78,16.168816,92
Turkey,Ankara,cultural,spring,0.39235294117647057,1.7956522,11.77529,48168.78,16.168816,92
Turkey,Ankara,shopping,spring,0.1873076923076923,1.7956522,11.77529,48168.78,16.168816,92
Turkey,Ankara,natural,spring,0.6171052631578947,1.7956522,11.77529,48168.78,16.168816,92
Turkey,Ankara,hiking,summer,0.4753448275862069,0.62391305,23.937336,52382.49,16.856146,92
Turkey,Ankara,museum,summer,0.06277777777777778,0.62391305,23.937336,52382.49,16.856146,92
Turkey,Ankara,beach,summer,0.14086419753086418,0.62391305,23.937336,52382.49,16.856146,92
Turkey,Ankara,park,summer,0.3522222222222222,0.62391305,23.937336,52382.49,16.856146,92
Turkey,Ankara,religious,summer,0.2692307692307692,0.62391305,23.937336,52382.49,16.856146,92
Turkey,Ankara,architecture,summer,0.4197142857142857,0.62391305,23.937336,52382.49,16.856146,92
Turkey,Ankara,historic,summer,0.29,0.62391305,23.937336,52382.49,16.856146,92
Turkey,Ankara,amusement,summer,0.622,0.62391305,23.937336,52382.49,16.856146,92
Turkey,Ankara,cultural,summer,0.37428571428571433,0.62391305,23.937336,52382.49,16.856146,92
Turkey,Ankara,shopping,summer,0.14511627906976743,0.62391305,23.937336,52382.49,16.856146,92
Turkey,Ankara,natural,summer,0.5933783783783784,0.62391305,23.937336,52382.49,16.856146,92
Turkey,İzmir,hiking,spring,0.4879104477611941,1.2717391,18.211485,47979.6,16.965816,92
Turkey,İzmir,museum,spring,0.07886792452830188,1.2717391,18.211485,47979.6,16.965816,92
Turkey,İzmir,beach,spring,0.13886075949367088,1.2717391,18.211485,47979.6,16.965816,92
Turkey,İzmir,park,spring,0.3718518518518518,1.2717391,18.211485,47979.6,16.965816,92
Turkey,İzmir,religious,spring,0.6318181818181818,1.2717391,18.211485,47979.6,16.965816,92
Turkey,İzmir,architecture,spring,0.36048780487804877,1.2717391,18.211485,47979.6,16.965816,92
Turkey,İzmir,historic,spring,0.275,1.2717391,18.211485,47979.6,16.965816,92
Turkey,İzmir,amusement,spring,0.37833333333333335,1.2717391,18.211485,47979.6,16.965816,92
Turkey,İzmir,cultural,spring,0.39235294117647057,1.2717391,18.211485,47979.6,16.965816,92
Turkey,İzmir,shopping,spring,0.1873076923076923,1.2717391,18.211485,47979.6,16.965816,92
Turkey,İzmir,natural,spring,0.6171052631578947,1.2717391,18.211485,47979.6,16.965816,92
Turkey,İzmir,hiking,summer,0.4753448275862069,0.30543476,31.07424,51998.836,19.566614,92
Turkey,İzmir,museum,summer,0.06277777777777778,0.30543476,31.07424,51998.836,19.566614,92
Turkey,İzmir,beach,summer,0.14086419753086418,0.30543476,31.07424,51998.836,19.566614,92
Turkey,İzmir,park,summer,0.3522222222222222,0.30543476,31.07424,51998.836,19.566614,92
Turkey,İzmir,religious,summer,0.2692307692307692,0.30543476,31.07424,51998.836,19.566614,92
Turkey,İzmir,architecture,summer,0.4197142857142857,0.30543476,31.07424,51998.836,19.566614,92
Turkey,İzmir,historic,summer,0.29,0.30543476,31.07424,51998.836,19.566614,92
Turkey,İzmir,amusement,summer,0.622,0.30543476,31.07424,51998.836,19.566614,92
Turkey,İzmir,cultural,summer,0.37428571428571433,0.30543476,31.07424,51998.836,19.566614,92
Turkey,İzmir,shopping,summer,0.14511627906976743,0.30543476,31.07424,51998.836,19.566614,92
Turkey,İzmir,natural,summer,0.5933783783783784,0.30543476,31.07424,51998.836,19.566614,92
Turkey,Antalya,hiking,spring,0.4879104477611941,0.84347826,18.305737,47768.207,16.579082,92
Turkey,Antalya,museum,spring,0.07886792452830188,0.84347826,18.305737,47768.207,16.579082,92
Turkey,Antalya,beach,spring,0.13886075949367088,0.84347826,18.305737,47768.207,16.579082,92
Turkey,Antalya,park,spring,0.3718518518518518,0.84347826,18.305737,47768.207,16.579082,92
Turkey,Antalya,religious,spring,0.6318181818181818,0.84347826,18.305737,47768.207,16.579082,92
Turkey,Antalya,architecture,spring,0.36048780487804877,0.84347826,18.305737,47768.207,16.579082,92
Turkey,Antalya,historic,spring,0.275,0.84347826,18.305737,47768.207,16.579082,92
Turkey,Antalya,amusement,spring,0.37833333333333335,0.84347826,18.305737,47768.207,16.579082,92
Turkey,Antalya,cultural,spring,0.39235294117647057,0.84347826,18.305737,47768.207,16.579082,92
Turkey,Antalya,shopping,spring,0.1873076923076923,0.84347826,18.305737,47768.207,16.579082,92
Turkey,Antalya,natural,spring,0.6171052631578947,0.84347826,18.305737,47768.207,16.579082,92
Turkey,Antalya,hiking,summer,0.4753448275862069,0.68260866,30.61113,51570.543,17.630426,92
Turkey,Antalya,museum,summer,0.06277777777777778,0.68260866,30.61113,51570.543,17.630426,92
Turkey,Antalya,beach,summer,0.14086419753086418,0.68260866,30.61113,51570.543,17.630426,92
Turkey,Antalya,park,summer,0.3522222222222222,0.68260866,30.61113,51570.543,17.630426,92
Turkey,Antalya,religious,summer,0.2692307692307692,0.68260866,30.61113,51570.543,17.630426,92
Turkey,Antalya,architecture,summer,0.4197142857142857,0.68260866,30.61113,51570.543,17.630426,92
Turkey,Antalya,historic,summer,0.29,0.68260866,30.61113,51570.543,17.630426,92
Turkey,Antalya,amusement,summer,0.622,0.68260866,30.61113,51570.543,17.630426,92
Turkey,Antalya,cultural,summer,0.37428571428571433,0.68260866,30.61113,51570.543,17.630426,92
Turkey,Antalya,shopping,summer,0.14511627906976743,0.68260866,30.61113,51570.543,17.630426,92
Turkey,Antalya,natural,summer,0.5933783783783784,0.68260866,30.61113,51570.543,17.630426,92
Australia,New South Wales,hiking,spring,0.6225,1.5576087,19.817427,46339.69,19.783184,92
Australia,New South Wales,museum,spring,0.74625,1.5576087,19.817427,46339.69,19.783184,92
Australia,New South Wales,beach,spring,0.6,1.5576087,19.817427,46339.69,19.783184,92
Australia,New South Wales,park,spring,0.72375,1.5576087,19.817427,46339.69,19.783184,92
Australia,New South Wales,religious,spring,0.68875,1.5576087,19.817427,46339.69,19.783184,92
Australia,New South Wales,architecture,spring,0.58375,1.5576087,19.817427,46339.69,19.783184,92
Australia,New South Wales,historic,spring,0.37,1.5576087,19.817427,46339.69,19.783184,92
Australia,New South Wales,amusement,spring,0.7214285714285714,1.5576087,19.817427,46339.69,19.783184,92
Australia,New South Wales,cultural,spring,0.5725,1.5576087,19.817427,46339.69,19.783184,92
Australia,New South Wales,shopping,spring,0.78,1.5576087,19.817427,46339.69,19.783184,92
Australia,New South Wales,natural,spring,0.895,1.5576087,19.817427,46339.69,19.783184,92
Australia,Victoria,hiking,spring,0.6225,1.7869567,15.782433,46892.85,23.12361,92
Australia,Victoria,museum,spring,0.74625,1.7869567,15.782433,46892.85,23.12361,92
Australia,Victoria,beach,spring,0.6,1.7869567,15.782433,46892.85,23.12361,92
Australia,Victoria,park,spring,0.72375,1.7869567,15.782433,46892.85,23.12361,92
Australia,Victoria,religious,spring,0.68875,1.7869567,15.782433,46892.85,23.12361,92
Australia,Victoria,architecture,spring,0.58375,1.7869567,15.782433,46892.85,23.12361,92
Australia,Victoria,historic,spring,0.37,1.7869567,15.782433,46892.85,23.12361,92
Australia,Victoria,amusement,spring,0.7214285714285714,1.7869567,15.782433,46892.85,23.12361,92
Australia,Victoria,cultural,spring,0.5725,1.7869567,15.782433,46892.85,23.12361,92
Australia,Victoria,shopping,spring,0.78,1.7869567,15.782433,46892.85,23.12361,92
Australia,Victoria,natural,spring,0.895,1.7869567,15.782433,46892.85,23.12361,92
Australia,Queensland,hiking,spring,0.6225,0.37826085,28.06061,45376.176,25.452957,92
Australia,Queensland,museum,spring,0.74625,0.37826085,28.06061,45376.176,25.452957,92
Australia,Queensland,beach,spring,0.6,0.37826085,28.06061,45376.176,25.452957,92
Australia,Queensland,park,spring,0.72375,0.37826085,28.06061,45376.176,25.452957,92
Australia,Queensland,religious,spring,0.68875,0.37826085,28.06061,45376.176,25.452957,92
Australia,Queensland,architecture,spring,0.58375,0.37826085,28.06061,45376.176,25.452957,92
Australia,Queensland,historic,spring,0.37,0.37826085,28.06061,45376.176,25.452957,92
Australia,Queensland,amusement,spring,0.7214285714285714,0.37826085,28.06061,45376.176,25.452957,92
Australia,Queensland,cultural,spring,0.5725,0.37826085,28.06061,45376.176,25.452957,92
Australia,Queensland,shopping,spring,0.78,0.37826085,28.06061,45376.176,25.452957,92
Australia,Queensland,natural,spring,0.895,0.37826085,28.06061,45376.176,25.452957,92
Australia,Western Australia,hiking,spring,0.6225,1.5358697,24.37089,45656.49,23.16182,92
Australia,Western Australia,museum,spring,0.74625,1.5358697,24.37089,45656.49,23.16182,92
Australia,Western Australia,beach,spring,0.6,1.5358697,24.37089,45656.49,23.16182,92
Australia,Western Australia,park,spring,0.72375,1.5358697,24.37089,45656.49,23.16182,92
Australia,Western Australia,religious,spring,0.68875,1.5358697,24.37089,45656.49,23.16182,92
Australia,Western Australia,architecture,spring,0.58375,1.5358697,24.37089,45656.49,23.16182,92
Australia,Western Australia,historic,spring,0.37,1.5358697,24.37089,45656.49,23.16182,92
Australia,Western Australia,amusement,spring,0.7214285714285714,1.5358697,24.37089,45656.49,23.16182,92
Australia,Western Australia,cultural,spring,0.5725,1.5358697,24.37089,45656.49,23.16182,92
Australia,Western Australia,shopping,spring,0.78,1.5358697,24.37089,45656.49,23.16182,92
Australia,Western Australia,natural,spring,0.895,1.5358697,24.37089,45656.49,23.16182,92
Brazil,Rio de Janeiro,hiking,dry,0.6352380952380953,1.1124183,23.161802,40589.95,16.038433,153
Brazil,Rio de Janeiro,museum,dry,0.5252,1.1124183,23.161802,40589.95,16.038433,153
Brazil,Rio de Janeiro,beach,dry,0.3662962962962963,1.1124183,23.161802,40589.95,16.038433,153
Brazil,Rio de Janeiro,park,dry,0.32888888888888884,1.1124183,23.161802,40589.95,16.038433,153
Brazil,Rio de Janeiro,religious,dry,0.733125,1.1124183,23.161802,40589.95,16.038433,153
Brazil,Rio de Janeiro,architecture,dry,0.45730769230769236,1.1124183,23.161802,40589.95,16.038433,153
Brazil,Rio de Janeiro,historic,dry,0.6919047619047619,1.1124183,23.161802,40589.95,16.038433,153
Brazil,Rio de Janeiro,amusement,dry,0.5453846153846154,1.1124183,23.161802,40589.95,16.038433,153
Brazil,Rio de Janeiro,cultural,dry,0.6407407407407407,1.1124183,23.161802,40589.95,16.038433,153
Brazil,Rio de Janeiro,shopping,dry,0.5533333333333333,1.1124183,23.161802,40589.95,16.038433,153
Brazil,Rio de Janeiro,natural,dry,0.8725925925925925,1.1124183,23.161802,40589.95,16.038433,153
Brazil,Rio de Janeiro,hiking,wet,0.6074074074074074,2.926415,26.138239,46135.605,15.925294,212
Brazil,Rio de Janeiro,museum,wet,0.4603703703703704,2.926415,26.138239,46135.605,15.925294,212
Brazil,Rio de Janeiro,beach,wet,0.4277777777777778,2.926415,26.138239,46135.605,15.925294,212
Brazil,Rio de Janeiro,park,wet,0.2874074074074074,2.926415,26.138239,46135.605,15.925294,212
Brazil,Rio de Janeiro,religious,wet,0.6015384615384616,2.926415,26.138239,46135.605,15.925294,212
Brazil,Rio de Janeiro,architecture,wet,0.4622222222222222,2.926415,26.138239,46135.605,15.925294,212
Brazil,Rio de Janeiro,historic,wet,0.6623076923076923,2.926415,26.138239,46135.605,15.925294,212
Brazil,Rio de Janeiro,amusement,wet,0.5715384615384616,2.926415,26.138239,46135.605,15.925294,212
Brazil,Rio de Janeiro,cultural,wet,0.6144444444444445,2.926415,26.138239,46135.605,15.925294,212
Brazil,Rio de Janeiro,shopping,wet,0.504074074074074,2.926415,26.138239,46135.605,15.925294,212
Brazil,Rio de Janeiro,natural,wet,0.8629629629629629,2.926415,26.138239,46135.605,15.925294,212
Brazil,São Paulo,hiking,dry,0.6352380952380953,1.0261438,18.65152,40476.184,19.680862,153
Brazil,São Paulo,museum,dry,0.5252,1.0261438,18.65152,40476.184,19.680862,153
Brazil,São Paulo,beach,dry,0.3662962962962963,1.0261438,18.65152,40476.184,19.680862,153
Brazil,São Paulo,park,dry,0.32888888888888884,1.0261438,18.65152,40476.184,19.680862,153
Brazil,São Paulo,religious,dry,0.733125,1.0261438,18.65152,40476.184,19.680862,153
Brazil,São Paulo,architecture,dry,0.45730769230769236,1.0261438,18.65152,40476.184,19.680862,153
Brazil,São Paulo,historic,dry,0.6919047619047619,1.0261438,18.65152,40476.184,19.680862,153
Brazil,São Paulo,amusement,dry,0.5453846153846154,1.0261438,18.65152,40476.184,19.680862,153
Brazil,São Paulo,cultural,dry,0.6407407407407407,1.0261438,18.65152,40476.184,19.680862,153
Brazil,São Paulo,shopping,dry,0.5533333333333333,1.0261438,18.65152,40476.184,19.680862,153
Brazil,São Paulo,natural,dry,0.8725925925925925,1.0261438,18.65152,40476.184,19.680862,153
Brazil,São Paulo,hiking,wet,0.6074074074074074,5.7363214,22.09139,46217.277,15.283028,212
Brazil,São Paulo,museum,wet,0.4603703703703704,5.7363214,22.09139,46217.277,15.283028,212
Brazil,São Paulo,beach,wet,0.4277777777777778,5.7363214,22.09139,46217.277,15.283028,212
Brazil,São Paulo,park,wet,0.2874074074074074,5.7363214,22.09139,46217.277,15.283028,212
Brazil,São Paulo,religious,wet,0.6015384615384616,5.7363214,22.09139,46217.277,15.283028,212
Brazil,São Paulo,architecture,wet,0.4622222222222222,5.7363214,22.09139,46217.277,15.283028,212
Brazil,São Paulo,historic,wet,0.6623076923076923,5.7363214,22.09139,46217.277,15.283028,212
Brazil,São Paulo,amusement,wet,0.5715384615384616,5.7363214,22.09139,46217.277,15.283028,212
Brazil,São Paulo,cultural,wet,0.6144444444444445,5.7363214,22.09139,46217.277,15.283028,212
Brazil,São Paulo,shopping,wet,0.504074074074074,5.7363214,22.09139,46217.277,15.283028,212
Brazil,São Paulo,natural,wet,0.8629629629629629,5.7363214,22.09139,46217.277,15.283028,212
Brazil,Bahia,hiking,dry,0.6352380952380953,0.25947714,20.27559,42192.39,19.470873,153
Brazil,Bahia,museum,dry,0.5252,0.25947714,20.27559,42192.39,19.470873,153
Brazil,Bahia,beach,dry,0.3662962962962963,0.25947714,20.27559,42192.39,19.470873,153
Brazil,Bahia,park,dry,0.32888888888888884,0.25947714,20.27559,42192.39,19.470873,153
Brazil,Bahia,religious,dry,0.733125,0.25947714,20.27559,42192.39,19.470873,153
Brazil,Bahia,architecture,dry,0.45730769230769236,0.25947714,20.27559,42192.39,19.470873,153
Brazil,Bahia,historic,dry,0.6919047619047619,0.25947714,20.27559,42192.39,19.470873,153
Brazil,Bahia,amusement,dry,0.5453846153846154,0.25947714,20.27559,42192.39,19.470873,153
Brazil,Bahia,cultural,dry,0.6407407407407407,0.25947714,20.27559,42192.39,19.470873,153
Brazil,Bahia,shopping,dry,0.5533333333333333,0.25947714,20.27559,42192.39,19.470873,153
Brazil,Bahia,natural,dry,0.8725925925925925,0.25947714,20.27559,42192.39,19.470873,153
Brazil,Bahia,hiking,wet,0.6074074074074074,2.0146227,23.037607,45000.555,17.691055,212
Brazil,Bahia,museum,wet,0.4603703703703704,2.0146227,23.037607,45000.555,17.691055,212
Brazil,Bahia,beach,wet,0.4277777777777778,2.0146227,23.037607,45000.555,17.691055,212
Brazil,Bahia,park,wet,0.2874074074074074,2.0146227,23.037607,45000.555,17.691055,212
Brazil,Bahia,religious,wet,0.6015384615384616,2.0146227,23.037607,45000.555,17.691055,212
Brazil,Bahia,architecture,wet,0.4622222222222222,2.0146227,23.037607,45000.555,17.691055,212
Brazil,Bahia,historic,wet,0.6623076923076923,2.0146227,23.037607,45000.555,17.691055,212
Brazil,Bahia,amusement,wet,0.5715384615384616,2.0146227,23.037607,45000.555,17.691055,212
Brazil,Bahia,cultural,wet,0.6144444444444445,2.0146227,23.037607,45000.555,17.691055,212
Brazil,Bahia,shopping,wet,0.504074074074074,2.0146227,23.037607,45000.555,17.691055,212
Brazil,Bahia,natural,wet,0.8629629629629629,2.0146227,23.037607,45000.555,17.691055,212
Brazil,Minas Gerais,hiking,dry,0.6352380952380953,0.006535948,22.846968,41270.91,12.54595,153
Brazil,Minas Gerais,museum,dry,0.5252,0.006535948,22.846968,41270.91,12.54595,153
Brazil,Minas Gerais,beach,dry,0.3662962962962963,0.006535948,22.846968,41270.91,12.54595,153
Brazil,Minas Gerais,park,dry,0.32888888888888884,0.006535948,22.846968,41270.91,12.54595,153
Brazil,Minas Gerais,religious,dry,0.733125,0.006535948,22.846968,41270.91,12.54595,153
Brazil,Minas Gerais,architecture,dry,0.45730769230769236,0.006535948,22.846968,41270.91,12.54595,153
Brazil,Minas Gerais,historic,dry,0.6919047619047619,0.006535948,22.846968,41270.91,12.54595,153
Brazil,Minas Gerais,amusement,dry,0.5453846153846154,0.006535948,22.846968,41270.91,12.54595,153
Brazil,Minas Gerais,cultural,dry,0.6407407407407407,0.006535948,22.846968,41270.91,12.54595,153
Brazil,Minas Gerais,shopping,dry,0.5533333333333333,0.006535948,22.846968,41270.91,12.54595,153
Brazil,Minas Gerais,natural,dry,0.8725925925925925,0.006535948,22.846968,41270.91,12.54595,153
Brazil,Minas Gerais,hiking,wet,0.6074074074074074,4.7212267,24.965902,45649.703,12.985612,212
Brazil,Minas Gerais,museum,wet,0.4603703703703704,4.7212267,24.965902,45649.703,12.985612,212
Brazil,Minas Gerais,beach,wet,0.4277777777777778,4.7212267,24.965902,45649.703,12.985612,212
Brazil,Minas Gerais,park,wet,0.2874074074074074,4.7212267,24.965902,45649.703,12.985612,212
Brazil,Minas Gerais,religious,wet,0.6015384615384616,4.7212267,24.965902,45649.703,12.985612,212
Brazil,Minas Gerais,architecture,wet,0.4622222222222222,4.7212267,24.965902,45649.703,12.985612,212
Brazil,Minas Gerais,historic,wet,0.6623076923076923,4.7212267,24.965902,45649.703,12.985612,212
Brazil,Minas Gerais,amusement,wet,0.5715384615384616,4.7212267,24.965902,45649.703,12.985612,212
Brazil,Minas Gerais,cultural,wet,0.6144444444444445,4.7212267,24.965902,45649.703,12.985612,212
Brazil,Minas Gerais,shopping,wet,0.504074074074074,4.7212267,24.965902,45649.703,12.985612,212
Brazil,Minas Gerais,natural,wet,0.8629629629629629,4.7212267,24.965902,45649.703,12.985612,212
Malaysia,Kuala Lumpur,hiking,dry,0.6575,11.1169405,27.423,44414.285,11.646066,183
Malaysia,Kuala Lumpur,museum,dry,0.4725,11.1169405,27.423,44414.285,11.646066,183
Malaysia,Kuala Lumpur,beach,dry,0.630625,11.1169405,27.423,44414.285,11.646066,183
Malaysia,Kuala Lumpur,park,dry,0.550625,11.1169405,27.423,44414.285,11.646066,183
Malaysia,Kuala Lumpur,religious,dry,0.7506666666666666,11.1169405,27.423,44414.285,11.646066,183
Malaysia,Kuala Lumpur,architecture,dry,0.6225,11.1169405,27.423,44414.285,11.646066,183
Malaysia,Kuala Lumpur,historic,dry,0.5589999999999999,11.1169405,27.423,44414.285,11.646066,183
Malaysia,Kuala Lumpur,amusement,dry,0.6892307692307692,11.1169405,27.423,44414.285,11.646066,183
Malaysia,Kuala Lumpur,cultural,dry,0.549375,11.1169405,27.423,44414.285,11.646066,183
Malaysia,Kuala Lumpur,shopping,dry,0.483125,11.1169405,27.423,44414.285,11.646066,183
Malaysia,Kuala Lumpur,natural,dry,0.73375,11.1169405,27.423,44414.285,11.646066,183
Malaysia,Kuala Lumpur,hiking,wet,0.770625,11.464286,26.602242,43317.117,8.945537,182
Malaysia,Kuala Lumpur,museum,wet,0.470625,11.464286,26.602242,43317.117,8.945537,182
Malaysia,Kuala Lumpur,beach,wet,0.691875,11.464286,26.602242,43317.117,8.945537,182
Malaysia,Kuala Lumpur,park,wet,0.600625,11.464286,26.602242,43317.117,8.945537,182
Malaysia,Kuala Lumpur,religious,wet,0.724375,11.464286,26.602242,43317.117,8.945537,182
Malaysia,Kuala Lumpur,architecture,wet,0.56375,11.464286,26.602242,43317.117,8.945537,182
Malaysia,Kuala Lumpur,historic,wet,0.5846153846153846,11.464286,26.602242,43317.117,8.945537,182
Malaysia,Kuala Lumpur,amusement,wet,0.408,11.464286,26.602242,43317.117,8.945537,182
Malaysia,Kuala Lumpur,cultural,wet,0.60625,11.464286,26.602242,43317.117,8.945537,182
Malaysia,Kuala Lumpur,shopping,wet,0.47375,11.464286,26.602242,43317.117,8.945537,182
Malaysia,Kuala Lumpur,natural,wet,0.715,11.464286,26.602242,43317.117,8.945537,182
Malaysia,Selangor,hiking,dry,0.6575,10.843716,27.614838,44421.51,13.633512,183
Malaysia,Selangor,museum,dry,0.4725,10.843716,27.614838,44421.51,13.633512,183
Malaysia,Selangor,beach,dry,0.630625,10.843716,27.614838,44421.51,13.633512,183
Malaysia,Selangor,park,dry,0.550625,10.843716,27.614838,44421.51,13.633512,183
Malaysia,Selangor,religious,dry,0.7506666666666666,10.843716,27.614838,44421.51,13.633512,183
Malaysia,Selangor,architecture,dry,0.6225,10.843716,27.614838,44421.51,13.633512,183
Malaysia,Selangor,historic,dry,0.5589999999999999,10.843716,27.614838,44421.51,13.633512,183
Malaysia,Selangor,amusement,dry,0.6892307692307692,10.843716,27.614838,44421.51,13.633512,183
Malaysia,Selangor,cultural,dry,0.549375,10.843716,27.614838,44421.51,13.633512,183
Malaysia,Selangor,shopping,dry,0.483125,10.843716,27.614838,44421.51,13.633512,183
Malaysia,Selangor,natural,dry,0.73375,10.843716,27.614838,44421.51,13.633512,183
Malaysia,Selangor,hiking,wet,0.770625,11.877472,26.25671,43310.375,12.061678,182
Malaysia,Selangor,museum,wet,0.470625,11.877472,26.25671,43310.375,12.061678,182
Malaysia,Selangor,beach,wet,0.691875,11.877472,26.25671,43310.375,12.061678,182
Malaysia,Selangor,park,wet,0.600625,11.877472,26.25671,43310.375,12.061678,182
Malaysia,Selangor,religious,wet,0.724375,11.877472,26.25671,43310.375,12.061678,182
Malaysia,Selangor,architecture,wet,0.56375,11.877472,26.25671,43310.375,12.061678,182
Malaysia,Selangor,historic,wet,0.5846153846153846,11.877472,26.25671,43310.375,12.061678,182
Malaysia,Selangor,amusement,wet,0.408,11.877472,26.25671,43310.375,12.061678,182
Malaysia,Selangor,cultural,wet,0.60625,11.877472,26.25671,43310.375,12.061678,182
Malaysia,Selangor,shopping,wet,0.47375,11.877472,26.25671,43310.375,12.061678,182
Malaysia,Selangor,natural,wet,0.715,11.877472,26.25671,43310.375,12.061678,182
Malaysia,Johor,hiking,dry,0.6575,7.922405,26.761484,44298.93,13.362358,183
Malaysia,Johor,museum,dry,0.4725,7.922405,26.761484,44298.93,13.362358,183
Malaysia,Johor,beach,dry,0.630625,7.922405,26.761484,44298.93,13.362358,183
Malaysia,Johor,park,dry,0.550625,7.922405,26.761484,44298.93,13.362358,183
Malaysia,Johor,religious,dry,0.7506666666666666,7.922405,26.761484,44298.93,13.362358,183
Malaysia,Johor,architecture,dry,0.6225,7.922405,26.761484,44298.93,13.362358,183
Malaysia,Johor,historic,dry,0.5589999999999999,7.922405,26.761484,44298.93,13.362358,183
Malaysia,Johor,amusement,dry,0.6892307692307692,7.922405,26.761484,44298.93,13.362358,183
Malaysia,Johor,cultural,dry,0.549375,7.922405,26.761484,44298.93,13.362358,183
Malaysia,Johor,shopping,dry,0.483125,7.922405,26.761484,44298.93,13.362358,183
Malaysia,Johor,natural,dry,0.73375,7.922405,26.761484,44298.93,13.362358,183
Malaysia,Johor,hiking,wet,0.770625,7.802198,25.835508,43424.984,14.915307,182
Malaysia,Johor,museum,wet,0.470625,7.802198,25.835508,43424.984,14.915307,182
Malaysia,Johor,beach,wet,0.691875,7.802198,25.835508,43424.984,14.915307,182
Malaysia,Johor,park,wet,0.600625,7.802198,25.835508,43424.984,14.915307,182
Malaysia,Johor,religious,wet,0.724375,7.802198,25.835508,43424.984,14.915307,182
Malaysia,Johor,architecture,wet,0.56375,7.802198,25.835508,43424.984,14.915307,182
Malaysia,Johor,historic,wet,0.5846153846153846,7.802198,25.835508,43424.984,14.915307,182
Malaysia,Johor,amusement,wet,0.408,7.802198,25.835508,43424.984,14.915307,182
Malaysia,Johor,cultural,wet,0.60625,7.802198,25.835508,43424.984,14.915307,182
Malaysia,Johor,shopping,wet,0.47375,7.802198,25.835508,43424.984,14.915307,182
Malaysia,Johor,natural,wet,0.715,7.802198,25.835508,43424.984,14.915307,182
Malaysia,Penang,hiking,dry,0.6575,18.07104,23.756287,44646.434,13.34395,183
Malaysia,Penang,museum,dry,0.4725,18.07104,23.756287,44646.434,13.34395,183
Malaysia,Penang,beach,dry,0.630625,18.07104,23.756287,44646.434,13.34395,183
Malaysia,Penang,park,dry,0.550625,18.07104,23.756287,44646.434,13.34395,183
Malaysia,Penang,religious,dry,0.7506666666666666,18.07104,23.756287,44646.434,13.34395,183
Malaysia,Penang,architecture,dry,0.6225,18.07104,23.756287,44646.434,13.34395,183
Malaysia,Penang,historic,dry,0.5589999999999999,18.07104,23.756287,44646.434,13.34395,183
Malaysia,Penang,amusement,dry,0.6892307692307692,18.07104,23.756287,44646.434,13.34395,183
Malaysia,Penang,cultural,dry,0.549375,18.07104,23.756287,44646.434,13.34395,183
Malaysia,Penang,shopping,dry,0.483125,18.07104,23.756287,44646.434,13.34395,183
Malaysia,Penang,natural,dry,0.73375,18.07104,23.756287,44646.434,13.34395,183
Malaysia,Penang,hiking,wet,0.770625,12.929668,23.122717,43101.082,11.626564,182
Malaysia,Penang,museum,wet,0.470625,12.929668,23.122717,43101.082,11.626564,182
Malaysia,Penang,beach,wet,0.691875,12.929668,23.122717,43101.082,11.626564,182
Malaysia,Penang,park,wet,0.600625,12.929668,23.122717,43101.082,11.626564,182
Malaysia,Penang,religious,wet,0.724375,12.929668,23.122717,43101.082,11.626564,182
Malaysia,Penang,architecture,wet,0.56375,12.929668,23.122717,43101.082,11.626564,182
Malaysia,Penang,historic,wet,0.5846153846153846,12.929668,23.122717,43101.082,11.626564,182
Malaysia,Penang,amusement,wet,0.408,12.929668,23.122717,43101.082,11.626564,182
Malaysia,Penang,cultural,wet,0.60625,12.929668,23.122717,43101.082,11.626564,182
Malaysia,Penang,shopping,wet,0.47375,12.929668,23.122717,43101.082,11.626564,182
Malaysia,Penang,natural,wet,0.715,12.929668,23.122717,43101.082,11.626564,182
